epsilon,steps,alpha,seed,held_out,auroc,f1,acc,lpips,lpips_std,lpips_net,n_images,ssim,ssim_std,auroc_clean,asr,pkl_path
8/255,10,0.01,42,cavia2024,0.39898749999999994,0.5869731800766284,0.461,0.07198327034711838,0.058573927730321884,alex,1000,0.8696926832199097,0.07508190721273422,0.7972400000000002,0.49953903466961036,
8/255,10,0.01,42,chen2024_clip,0.0804,0.5126676602086438,0.346,0.06901568174362183,0.057593442499637604,alex,1000,0.8680375814437866,0.07625994831323624,0.707129,0.8863008022581452,
8/255,10,0.01,42,chen2024_convnext,0.43997812500000005,0.34435797665369644,0.326,0.06924591213464737,0.057886071503162384,alex,1000,0.8679330348968506,0.07628139853477478,0.90408825,0.5133460422696567,
8/255,10,0.01,42,corvi2023,0.347009375,0.2711157455683003,0.301,0.06786324828863144,0.05739178881049156,alex,1000,,,0.968738875,0.6417926605866829,
8/255,10,0.01,42,koutlis2024,0.139584375,0.4026186579378069,0.27,0.06882141530513763,0.05768534541130066,alex,1000,0.8683444857597351,0.07605104893445969,0.8316975,0.832169298332627,
8/255,10,0.01,42,ojha2023,0.323975,0.27454909819639284,0.276,0.06907007843255997,0.057799745351076126,alex,1000,0.867759644985199,0.07605202496051788,0.9079066250000001,0.6431626435152403,
8/255,10,0.01,42,wang2020,0.486284375,0.1871713985278654,0.227,0.0689953938126564,0.057537708431482315,alex,1000,0.8662408590316772,0.07604581862688065,0.9812132499999999,0.5044050057416163,
8/255,10,0.01,123,cavia2024,0.39943124999999996,0.5749613601236476,0.45,0.07186135649681091,0.05821531265974045,alex,1000,0.8696896433830261,0.07509453594684601,0.7972400000000002,0.498982426872711,
8/255,10,0.01,123,chen2024_clip,0.08865625,0.5093632958801498,0.345,0.06910034269094467,0.05749700590968132,alex,1000,0.8680415749549866,0.0761733278632164,0.707129,0.8746250684104315,
8/255,10,0.01,123,chen2024_convnext,0.443453125,0.3465634075508229,0.325,0.068999283015728,0.05765070393681526,alex,1000,0.8679590821266174,0.07631442695856094,0.90408825,0.5095023909446893,
8/255,10,0.01,123,corvi2023,0.345234375,0.27442827442827444,0.302,0.06774947792291641,0.05711817368865013,alex,1000,0.8680400252342224,0.07609865814447403,0.968738875,0.6436249396928558,
8/255,10,0.01,123,koutlis2024,0.139215625,0.4270749395648671,0.289,0.06872282922267914,0.05766221508383751,alex,1000,0.868382453918457,0.07579433172941208,0.8316975,0.8326126686685964,
8/255,10,0.01,123,ojha2023,0.30118750000000005,0.2805970149253731,0.277,0.0691598579287529,0.05779233202338219,alex,1000,0.8677286505699158,0.0760631263256073,0.9079066250000001,0.6682615902268584,
8/255,10,0.01,123,wang2020,0.48143125,0.17740232312565998,0.221,0.06908601522445679,0.05780418962240219,alex,1000,0.8662639260292053,0.07612462341785431,0.9812132499999999,0.5093510508546435,
8/255,10,0.01,234,cavia2024,0.39968125,0.5786646201074443,0.451,0.07179053127765656,0.05818517878651619,alex,1000,0.8697187304496765,0.07508353888988495,0.7972400000000002,0.4986688450153029,
8/255,10,0.01,234,chen2024_clip,0.07959375,0.5218680504077094,0.355,0.06902427971363068,0.05742090940475464,alex,1000,0.8680345416069031,0.07626675814390182,0.707129,0.8874409761160976,
8/255,10,0.01,234,chen2024_convnext,0.4406375,0.3385214007782101,0.32,0.06921080499887466,0.05792504921555519,alex,1000,0.8679436445236206,0.07633066177368164,0.90408825,0.5126167163437861,
8/255,10,0.01,234,corvi2023,0.349321875,0.2824506749740395,0.309,0.0677330419421196,0.05731065198779106,alex,1000,0.868037223815918,0.07609433680772781,0.968738875,0.6394055363990632,
8/255,10,0.01,234,koutlis2024,0.13063750000000002,0.40489795918367344,0.271,0.06896427273750305,0.05786838009953499,alex,1000,0.8683353066444397,0.07594484090805054,0.8316975,0.8429266650434803,
8/255,10,0.01,234,ojha2023,0.306725,0.2583926754832146,0.271,0.06921908259391785,0.05799876153469086,alex,1000,0.8676671385765076,0.07631444931030273,0.9079066250000001,0.6621623947286429,
8/255,10,0.01,234,wang2020,0.47788749999999997,0.17702845100105374,0.219,0.06902139633893967,0.05765305832028389,alex,1000,0.8662474155426025,0.07610264420509338,0.9812132499999999,0.5129626510852763,
8/255,10,0.03,42,cavia2024,0.41733125,0.6342899190581309,0.503,0.11616740375757217,0.08104860037565231,alex,1000,0.8081711530685425,0.08526244014501572,0.7972400000000002,0.476529965882294,
8/255,10,0.03,42,chen2024_clip,0.12414375000000001,0.5675090252707581,0.401,0.11217931658029556,0.08080273866653442,alex,1000,0.8062843084335327,0.0869753360748291,0.707129,0.8244397415464505,
8/255,10,0.03,42,chen2024_convnext,0.56451875,0.436397400185701,0.393,0.11235029250383377,0.08079501986503601,alex,1000,0.8063206672668457,0.08686111867427826,0.90408825,0.3755933118254773,
8/255,10,0.03,42,corvi2023,0.40705625,0.23974082073434128,0.296,0.11052780598402023,0.08002127707004547,alex,1000,0.8066271543502808,0.08690446615219116,0.968738875,0.5798080777959902,
8/255,10,0.03,42,koutlis2024,0.21340937499999998,0.4519774011299435,0.321,0.11231579631567001,0.08048782497644424,alex,1000,0.8063738942146301,0.08695356547832489,0.8316975,0.74340505412124,
8/255,10,0.03,42,ojha2023,0.298,0.3228271251193887,0.291,0.11199995875358582,0.08037568628787994,alex,1000,0.8063594698905945,0.08680768311023712,0.9079066250000001,0.6717724138206393,
8/255,10,0.03,42,wang2020,0.629175,0.18338727076591155,0.243,0.11051579564809799,0.08043327927589417,alex,1000,0.8041977286338806,0.08709491044282913,0.9812132499999999,0.3587785325972717,
8/255,10,0.03,123,cavia2024,0.40739375000000005,0.6223207686622321,0.489,0.11629842221736908,0.08134004473686218,alex,1000,0.8081033229827881,0.08540372550487518,0.7972400000000002,0.48899484471426424,
8/255,10,0.03,123,chen2024_clip,0.123575,0.5487894350696992,0.385,0.11223222315311432,0.08076231926679611,alex,1000,0.806351900100708,0.08691374957561493,0.707129,0.825244050236944,
8/255,10,0.03,123,chen2024_convnext,0.5607500000000001,0.44095940959409596,0.394,0.11240210384130478,0.08100341260433197,alex,1000,0.8062863945960999,0.08686816692352295,0.90408825,0.37976187612215945,
8/255,10,0.03,123,corvi2023,0.40948125,0.24130434782608698,0.302,0.11042951047420502,0.07993286103010178,alex,1000,0.8067387342453003,0.08690916746854782,0.968738875,0.5773048232424862,
8/255,10,0.03,123,koutlis2024,0.21330312500000004,0.4706827309236948,0.341,0.1121247261762619,0.0804034173488617,alex,1000,0.8063556551933289,0.08702168613672256,0.8316975,0.7435328048960108,
8/255,10,0.03,123,ojha2023,0.31449374999999996,0.3314393939393939,0.294,0.11201559007167816,0.08050849288702011,alex,1000,0.806344211101532,0.08685213327407837,0.9079066250000001,0.6536056227147808,
8/255,10,0.03,123,wang2020,0.6143187499999999,0.18023887079261672,0.245,0.11065491288900375,0.08059490472078323,alex,1000,0.8041579723358154,0.08708028495311737,0.9812132499999999,0.37391922703856684,
8/255,10,0.03,234,cavia2024,0.40966249999999993,0.6241660489251297,0.493,0.11612890660762787,0.08128246665000916,alex,1000,0.8081307411193848,0.08528752624988556,0.7972400000000002,0.48614908935828627,
8/255,10,0.03,234,chen2024_clip,0.11074999999999999,0.5439882697947214,0.378,0.11222365498542786,0.08081050962209702,alex,1000,0.8063089847564697,0.08693131059408188,0.707129,0.8433807692797212,
8/255,10,0.03,234,chen2024_convnext,0.5588875,0.4368029739776952,0.394,0.11230600625276566,0.08096234500408173,alex,1000,0.8063064217567444,0.08692210167646408,0.90408825,0.3818219626236709,
8/255,10,0.03,234,corvi2023,0.41347500000000004,0.24242424242424246,0.3,0.11062566190958023,0.08026398718357086,alex,1000,0.8066676259040833,0.08686161041259766,0.968738875,0.573182195253597,
8/255,10,0.03,234,koutlis2024,0.22560624999999998,0.45145631067961167,0.322,0.11223629862070084,0.0805731862783432,alex,1000,0.8064377903938293,0.0868789479136467,0.8316975,0.7287400166526892,
8/255,10,0.03,234,ojha2023,0.32361874999999996,0.3314285714285714,0.298,0.11193977296352386,0.0806901827454567,alex,1000,0.806328296661377,0.08688747137784958,0.9079066250000001,0.6435550296816042,
8/255,10,0.03,234,wang2020,0.6247968749999999,0.18063112078346028,0.247,0.11064881831407547,0.08042816817760468,alex,1000,0.8041336536407471,0.08712486922740936,0.9812132499999999,0.3632404831467574,
8/255,10,0.05,42,cavia2024,0.41833125,0.6224869694713329,0.493,0.1352662891149521,0.09018974751234055,alex,1000,0.778080940246582,0.09999523311853409,0.7972400000000002,0.4752756384526618,
8/255,10,0.05,42,chen2024_clip,0.312996875,0.7118193891102258,0.566,0.12955528497695923,0.08934775739908218,alex,1000,0.7762770652770996,0.10101831704378128,0.707129,0.5573694827959255,
8/255,10,0.05,42,chen2024_convnext,0.7286562499999998,0.6499189627228524,0.568,0.13001380860805511,0.08944451808929443,alex,1000,0.7763782739639282,0.10105877369642258,0.90408825,0.19404300409832806,
8/255,10,0.05,42,corvi2023,0.5901062499999999,0.3028391167192429,0.337,0.12838712334632874,0.08884602785110474,alex,1000,0.7766401171684265,0.10106029361486435,0.968738875,0.39085106912840684,
8/255,10,0.05,42,koutlis2024,0.38827812500000003,0.5891238670694864,0.456,0.12977826595306396,0.08923638612031937,alex,1000,0.7762474417686462,0.10136514157056808,0.8316975,0.5331498231027506,
8/255,10,0.05,42,ojha2023,0.51619375,0.46223021582733803,0.402,0.12910115718841553,0.08884713053703308,alex,1000,0.776271402835846,0.10133939236402512,0.9079066250000001,0.43144621287458945,
8/255,10,0.05,42,wang2020,0.77565,0.27593582887700535,0.323,0.12669456005096436,0.08839784562587738,alex,1000,0.7739318013191223,0.10136019438505173,0.9812132499999999,0.209499056397781,
8/255,10,0.05,123,cavia2024,0.42409375,0.6137724550898203,0.484,0.13524937629699707,0.08945580571889877,alex,1000,0.7780677676200867,0.1000186875462532,0.7972400000000002,0.46804757663940605,
8/255,10,0.05,123,chen2024_clip,0.3029875,0.7158866183256428,0.569,0.1292240023612976,0.08885382115840912,alex,1000,0.776210606098175,0.10121137648820877,0.707129,0.5715244318929078,
8/255,10,0.05,123,chen2024_convnext,0.7213875,0.6141078838174274,0.535,0.13015207648277283,0.08984769135713577,alex,1000,0.7764270901679993,0.10097824037075043,0.90408825,0.20208287188778315,
8/255,10,0.05,123,corvi2023,0.5875125,0.3044397463002114,0.342,0.12829403579235077,0.08876445144414902,alex,1000,0.7765673398971558,0.10105056315660477,0.968738875,0.393528519230737,
8/255,10,0.05,123,koutlis2024,0.392271875,0.5904617713853142,0.459,0.12938928604125977,0.08892332762479782,alex,1000,0.7762029767036438,0.10131936520338058,0.8316975,0.5283478969216572,
8/255,10,0.05,123,ojha2023,0.495625,0.464,0.397,0.12905286252498627,0.08919970691204071,alex,1000,0.7762778401374817,0.10123994201421738,0.9079066250000001,0.4541013510062228,
8/255,10,0.05,123,wang2020,0.7763562500000002,0.28265524625267663,0.33,0.1267610341310501,0.08832267671823502,alex,1000,0.7740282416343689,0.10128986090421677,0.9812132499999999,0.20877928421777808,
8/255,10,0.05,234,cavia2024,0.42618750000000005,0.6229508196721312,0.494,0.1352321207523346,0.0896732434630394,alex,1000,0.7781485319137573,0.09982308745384216,0.7972400000000002,0.4654213285836135,
8/255,10,0.05,234,chen2024_clip,0.31828749999999995,0.7182539682539683,0.574,0.12935028970241547,0.08914987742900848,alex,1000,0.776198148727417,0.10123079270124435,0.707129,0.549887644262928,
8/255,10,0.05,234,chen2024_convnext,0.73095625,0.6455798864557989,0.563,0.13022707402706146,0.08996003866195679,alex,1000,0.776350736618042,0.10108929127454758,0.90408825,0.1914990046602199,
8/255,10,0.05,234,corvi2023,0.602025,0.30979978925184404,0.345,0.12840959429740906,0.08874817937612534,alex,1000,0.7765538692474365,0.10114849358797073,0.968738875,0.3785477020316749,
8/255,10,0.05,234,koutlis2024,0.375896875,0.5899172310007524,0.455,0.12980976700782776,0.08940652012825012,alex,1000,0.7762059569358826,0.1013982743024826,0.8316975,0.5480365457392862,
8/255,10,0.05,234,ojha2023,0.4789875,0.4557640750670241,0.391,0.12910225987434387,0.08918917924165726,alex,1000,0.7762689590454102,0.10122938454151154,0.9079066250000001,0.4724264733721929,
8/255,10,0.05,234,wang2020,0.78380625,0.28328008519701814,0.327,0.1267278790473938,0.08836905658245087,alex,1000,0.7739351391792297,0.10136769711971283,0.9812132499999999,0.2011866431685466,
8/255,20,0.01,42,cavia2024,0.40396875,0.5839753466872111,0.46,0.08866672217845917,0.06791865825653076,alex,1000,0.8453128933906555,0.07591084390878677,0.7972400000000002,0.4932909161607547,
8/255,20,0.01,42,chen2024_clip,0.09645000000000001,0.503380916604057,0.339,0.08648688346147537,0.0672224909067154,alex,1000,0.8444756269454956,0.07720284909009933,0.707129,0.8636033877835585,
8/255,20,0.01,42,chen2024_convnext,0.36638125,0.23020063357972545,0.271,0.08645705878734589,0.06751181930303574,alex,1000,0.8443514108657837,0.07725467532873154,0.90408825,0.5947505677681355,
8/255,20,0.01,42,corvi2023,0.23473750000000002,0.17900552486187846,0.257,0.08443338423967361,0.06668873131275177,alex,1000,0.8454976677894592,0.07752443104982376,0.968738875,0.7576875398956194,
8/255,20,0.01,42,koutlis2024,0.07644375,0.29416884247171454,0.189,0.08652140200138092,0.06727416068315506,alex,1000,0.8441384434700012,0.077860526740551,0.8316975,0.9080870749280838,
8/255,20,0.01,42,ojha2023,0.36038125,0.2021739130434783,0.266,0.08650163561105728,0.0673929750919342,alex,1000,0.8442385196685791,0.07711252570152283,0.9079066250000001,0.6030635308999976,
8/255,20,0.01,42,wang2020,0.418184375,0.08491620111731844,0.181,0.08733723312616348,0.06797371059656143,alex,1000,0.8423275351524353,0.0771271288394928,0.9812132499999999,0.5738088789567405,
8/255,20,0.01,123,cavia2024,0.40579374999999995,0.5878741366078282,0.463,0.0886215791106224,0.06755891442298889,alex,1000,0.8452858924865723,0.07587715238332748,0.7972400000000002,0.49100176860167594,
8/255,20,0.01,123,chen2024_clip,0.10026249999999999,0.492797573919636,0.331,0.08660206943750381,0.06743784993886948,alex,1000,0.8444667458534241,0.07711197435855865,0.707129,0.8582118679901404,
8/255,20,0.01,123,chen2024_convnext,0.37115,0.23417721518987342,0.274,0.08640801906585693,0.06734158098697662,alex,1000,0.8444182276725769,0.07718928903341293,0.90408825,0.5894759167592324,
8/255,20,0.01,123,corvi2023,0.23831249999999998,0.18121546961325966,0.259,0.0842958614230156,0.06669581681489944,alex,1000,0.8455389738082886,0.07748028635978699,0.968738875,0.7539971749352992,
8/255,20,0.01,123,koutlis2024,0.07950937500000001,0.31180017226528856,0.201,0.0866110622882843,0.06737656891345978,alex,1000,0.8441429734230042,0.07784351706504822,0.8316975,0.9044010893383713,
8/255,20,0.01,123,ojha2023,0.34440000000000004,0.1954887218045113,0.251,0.08648153394460678,0.06723414361476898,alex,1000,0.8441540598869324,0.07726599276065826,0.9079066250000001,0.6206658366437188,
8/255,20,0.01,123,wang2020,0.41895312500000004,0.07891770011273956,0.183,0.08744614571332932,0.06807240843772888,alex,1000,0.8423291444778442,0.07716874033212662,0.9812132499999999,0.5730254101236403,
8/255,20,0.01,234,cavia2024,0.40393125,0.5826287471176018,0.457,0.08869722485542297,0.06786812096834183,alex,1000,0.8453339338302612,0.07584365457296371,0.7972400000000002,0.4933379534393659,
8/255,20,0.01,234,chen2024_clip,0.10863124999999998,0.4973624717407687,0.333,0.08635807037353516,0.06710638105869293,alex,1000,0.8444628119468689,0.07710616290569305,0.707129,0.8463770401157357,
8/255,20,0.01,234,chen2024_convnext,0.3719125,0.23591923485653563,0.281,0.0863632932305336,0.06733275949954987,alex,1000,0.8444112539291382,0.07716837525367737,0.90408825,0.588632525641164,
8/255,20,0.01,234,corvi2023,0.23452812500000003,0.17982456140350875,0.252,0.08421073853969574,0.06643199920654297,alex,1000,0.8455989956855774,0.07734338194131851,0.968738875,0.7579036714099039,
8/255,20,0.01,234,koutlis2024,0.075696875,0.31217838765008576,0.198,0.0865396112203598,0.06735353171825409,alex,1000,0.8441436886787415,0.0777902603149414,0.8316975,0.9089850877272085,
8/255,20,0.01,234,ojha2023,0.34889375,0.2057877813504823,0.259,0.0864425078034401,0.06752651184797287,alex,1000,0.8442171812057495,0.0771309956908226,0.9079066250000001,0.6157162637732708,
8/255,20,0.01,234,wang2020,0.4163125,0.07891770011273956,0.183,0.08730396628379822,0.06794782727956772,alex,1000,0.8423571586608887,0.07709299772977829,0.9812132499999999,0.5757165937170131,
8/255,20,0.03,42,cavia2024,0.40864375000000003,0.6277695716395865,0.496,0.11675963550806046,0.08132728189229965,alex,1000,0.8078972101211548,0.0852624848484993,0.7972400000000002,0.487426935427224,
8/255,20,0.03,42,chen2024_clip,0.11056875000000002,0.5453216374269005,0.378,0.11323602497577667,0.08052563667297363,alex,1000,0.8062773942947388,0.08682440221309662,0.707129,0.8436370874338346,
8/255,20,0.03,42,chen2024_convnext,0.54061875,0.4158790170132325,0.382,0.11350811272859573,0.08097152411937714,alex,1000,0.8062077164649963,0.08688587695360184,0.90408825,0.40202878424755545,
8/255,20,0.03,42,corvi2023,0.36829999999999996,0.1991150442477876,0.276,0.1116144210100174,0.07986877858638763,alex,1000,0.8067559003829956,0.086952805519104,0.968738875,0.6198149888430977,
8/255,20,0.03,42,koutlis2024,0.200225,0.4498381877022653,0.32,0.11357184499502182,0.0807589665055275,alex,1000,0.8064317107200623,0.08682672679424286,0.8316975,0.7592574223200143,
8/255,20,0.03,42,ojha2023,0.3175,0.32288698955365625,0.287,0.11343995481729507,0.08048603683710098,alex,1000,0.806283175945282,0.0867818295955658,0.9079066250000001,0.6502944341880973,
8/255,20,0.03,42,wang2020,0.6187968749999999,0.1441241685144124,0.228,0.11201322078704834,0.08035324513912201,alex,1000,0.8038669228553772,0.08711688965559006,0.9812132499999999,0.36935536184412515,
8/255,20,0.03,123,cavia2024,0.41366250000000004,0.6291635825314582,0.499,0.11671756953001022,0.08127563446760178,alex,1000,0.8079168200492859,0.08529695868492126,0.7972400000000002,0.48113177963975723,
8/255,20,0.03,123,chen2024_clip,0.10161875,0.5557163531114327,0.386,0.11352385580539703,0.08065709471702576,alex,1000,0.8062371611595154,0.08687809854745865,0.707129,0.8562939011128097,
8/255,20,0.03,123,chen2024_convnext,0.545390625,0.4172123479887746,0.377,0.11361642181873322,0.08117970079183578,alex,1000,0.8062666654586792,0.08690349757671356,0.90408825,0.3967506767176766,
8/255,20,0.03,123,corvi2023,0.37416875000000005,0.20636663007683864,0.277,0.11161273717880249,0.07998168468475342,alex,1000,0.8068121075630188,0.08686921000480652,0.968738875,0.6137568547561384,
8/255,20,0.03,123,koutlis2024,0.201728125,0.43562753036437246,0.303,0.11346986144781113,0.08059985935688019,alex,1000,0.8064255118370056,0.08682922273874283,0.8316975,0.757450124594579,
8/255,20,0.03,123,ojha2023,0.32748125,0.29268292682926833,0.275,0.11334559321403503,0.08046135306358337,alex,1000,0.8063239455223083,0.08685300499200821,0.9079066250000001,0.6393007375620814,
8/255,20,0.03,123,wang2020,0.6088843749999999,0.14222222222222222,0.228,0.11212033033370972,0.08053349703550339,alex,1000,0.8038710355758667,0.08706820756196976,0.9812132499999999,0.37945765102540147,
8/255,20,0.03,234,cavia2024,0.41308749999999994,0.623242042931162,0.491,0.11680270731449127,0.08144241571426392,alex,1000,0.8079094290733337,0.08526074141263962,0.7972400000000002,0.48185301791179586,
8/255,20,0.03,234,chen2024_clip,0.11141875000000001,0.5675090252707581,0.401,0.11331697553396225,0.08052895218133926,alex,1000,0.8062462210655212,0.08686316758394241,0.707129,0.8424350436766135,
8/255,20,0.03,234,chen2024_convnext,0.537075,0.41015992474129825,0.373,0.11333310604095459,0.08098301291465759,alex,1000,0.806264340877533,0.08694726228713989,0.90408825,0.4059484790339882,
8/255,20,0.03,234,corvi2023,0.37245000000000006,0.21075740944017565,0.281,0.1116214320063591,0.08028240501880646,alex,1000,0.8067443370819092,0.08699845522642136,0.968738875,0.6155310686793692,
8/255,20,0.03,234,koutlis2024,0.21471874999999999,0.46166263115415657,0.333,0.11353843659162521,0.08071793615818024,alex,1000,0.8064654469490051,0.0868263766169548,0.8316975,0.7418307136909754,
8/255,20,0.03,234,ojha2023,0.326375,0.3118908382066277,0.294,0.11323105543851852,0.0802820697426796,alex,1000,0.8062597513198853,0.08688512444496155,0.9079066250000001,0.6405191998681582,
8/255,20,0.03,234,wang2020,0.615803125,0.14634146341463417,0.23,0.1120748221874237,0.08059992641210556,alex,1000,0.8038166761398315,0.08715823292732239,0.9812132499999999,0.3724064315274992,
8/255,20,0.05,42,cavia2024,0.4169,0.617910447761194,0.488,0.1354091465473175,0.0897684097290039,alex,1000,0.7780789732933044,0.09977053105831146,0.7972400000000002,0.47707089458632296,
8/255,20,0.05,42,chen2024_clip,0.31144375,0.7142857142857143,0.568,0.13017266988754272,0.08936604857444763,alex,1000,0.7762876749038696,0.10113491117954254,0.707129,0.5595658642199655,
8/255,20,0.05,42,chen2024_convnext,0.7318687500000001,0.6220016542597188,0.543,0.13050708174705505,0.08967985212802887,alex,1000,0.7764571309089661,0.10094516724348068,0.90408825,0.19048970053531827,
8/255,20,0.05,42,corvi2023,0.58621875,0.2966101694915254,0.336,0.12906602025032043,0.08899559080600739,alex,1000,0.7767004370689392,0.10105345398187637,0.968738875,0.3948640184384053,
8/255,20,0.05,42,koutlis2024,0.368259375,0.5729483282674772,0.438,0.13017182052135468,0.08927349001169205,alex,1000,0.7762103080749512,0.10132520645856857,0.8316975,0.557219572019875,
8/255,20,0.05,42,ojha2023,0.5197375,0.45960502692998206,0.398,0.12999039888381958,0.08917117863893509,alex,1000,0.7763827443122864,0.10119250416755676,0.9079066250000001,0.4275430031144448,
8/255,20,0.05,42,wang2020,0.76660625,0.2572972972972973,0.313,0.127493754029274,0.08880837261676788,alex,1000,0.7738978266716003,0.10123617947101593,0.9812132499999999,0.2187159621010009,
8/255,20,0.05,123,cavia2024,0.415025,0.619402985074627,0.49,0.13563476502895355,0.08979793637990952,alex,1000,0.778028666973114,0.0998232364654541,0.7972400000000002,0.4794227585168834,
8/255,20,0.05,123,chen2024_clip,0.314071875,0.7230971128608924,0.578,0.13016797602176666,0.08928857743740082,alex,1000,0.7762957811355591,0.10114983469247818,0.707129,0.5558492509853223,
8/255,20,0.05,123,chen2024_convnext,0.7289125,0.6493083807973962,0.569,0.13046498596668243,0.08953385800123215,alex,1000,0.7764744758605957,0.10107415169477463,0.90408825,0.19375956937832128,
8/255,20,0.05,123,corvi2023,0.58790625,0.28081457663451237,0.329,0.12893138825893402,0.08886583894491196,alex,1000,0.7767064571380615,0.10098497569561005,0.968738875,0.3931220629501423,
8/255,20,0.05,123,koutlis2024,0.366571875,0.5690312738367659,0.435,0.13018934428691864,0.0890703797340393,alex,1000,0.7762751579284668,0.1012260913848877,0.8316975,0.5592485549132948,
8/255,20,0.05,123,ojha2023,0.4930375,0.45487364620938625,0.396,0.12990346550941467,0.08906324207782745,alex,1000,0.7763974070549011,0.10120823234319687,0.9079066250000001,0.4569513136882331,
8/255,20,0.05,123,wang2020,0.767,0.24538545059717692,0.305,0.1274658441543579,0.08881518989801407,alex,1000,0.7738535404205322,0.10126820206642151,0.9812132499999999,0.21831467318648615,
8/255,20,0.05,234,cavia2024,0.41601874999999994,0.6311899482631189,0.501,0.13550062477588654,0.08991000056266785,alex,1000,0.7781086564064026,0.09976784884929657,0.7972400000000002,0.4781762706336864,
8/255,20,0.05,234,chen2024_clip,0.2969375,0.7251308900523561,0.58,0.13032419979572296,0.08934643864631653,alex,1000,0.7762770056724548,0.10117297619581223,0.707129,0.5800801551060697,
8/255,20,0.05,234,chen2024_convnext,0.73009375,0.6293245469522241,0.55,0.1304960995912552,0.08950340747833252,alex,1000,0.7764334082603455,0.10102681815624237,0.90408825,0.19245300444951038,
8/255,20,0.05,234,corvi2023,0.572925,0.27712137486573574,0.327,0.12891027331352234,0.08883588761091232,alex,1000,0.7766895294189453,0.10109543800354004,0.968738875,0.4085867566737218,
8/255,20,0.05,234,koutlis2024,0.37054999999999993,0.5854765506807867,0.452,0.1304159313440323,0.0889497846364975,alex,1000,0.7762967944145203,0.10131484270095825,0.8316975,0.5544654156108442,
8/255,20,0.05,234,ojha2023,0.49906874999999995,0.45974955277280855,0.396,0.12956295907497406,0.08886053413152695,alex,1000,0.776369035243988,0.10118591040372849,0.9079066250000001,0.45030828473137324,
8/255,20,0.05,234,wang2020,0.760625,0.24755700325732893,0.307,0.12746843695640564,0.08851190656423569,alex,1000,0.7738704681396484,0.10125872492790222,0.9812132499999999,0.22481173180243944,
8/255,30,0.01,42,cavia2024,0.4109125,0.5969465648854962,0.472,0.09341912716627121,0.07078363001346588,alex,1000,0.8381499648094177,0.0762731209397316,0.7972400000000002,0.4845811800712459,
8/255,30,0.01,42,chen2024_clip,0.12146875,0.5189591078066914,0.353,0.09128354489803314,0.07012037187814713,alex,1000,0.8376803994178772,0.07718008756637573,0.707129,0.8282226439588816,
8/255,30,0.01,42,chen2024_convnext,0.36995625,0.21691973969631237,0.278,0.09111927449703217,0.07006696611642838,alex,1000,0.8375705480575562,0.0773424431681633,0.90408825,0.5907963077719459,
8/255,30,0.01,42,corvi2023,0.21528125000000004,0.1476510067114094,0.238,0.088904969394207,0.06953750550746918,alex,1000,0.8394242525100708,0.07794280350208282,0.968738875,0.7777716415065928,
8/255,30,0.01,42,koutlis2024,0.061818750000000006,0.29094076655052264,0.186,0.09223240613937378,0.07027048617601395,alex,1000,0.8363381028175354,0.07917754352092743,0.8316975,0.9256715933377219,
8/255,30,0.01,42,ojha2023,0.31526875,0.1737242128121607,0.239,0.09140338748693466,0.07027920335531235,alex,1000,0.8373479247093201,0.07734178006649017,0.9079066250000001,0.652752010703744,
8/255,30,0.01,42,wang2020,0.37580624999999995,0.06451612903225806,0.188,0.09228433668613434,0.07085232436656952,alex,1000,0.8355021476745605,0.07712920755147934,0.9812132499999999,0.6169983945895554,
8/255,30,0.01,123,cavia2024,0.40918125000000005,0.5960365853658536,0.47,0.09332433342933655,0.07050849497318268,alex,1000,0.8381827473640442,0.07606542110443115,0.7972400000000002,0.48675273443379663,
8/255,30,0.01,123,chen2024_clip,0.11952500000000002,0.5163690476190477,0.35,0.0911693349480629,0.06997113674879074,alex,1000,0.8376932144165039,0.07733605057001114,0.707129,0.830971435197821,
8/255,30,0.01,123,chen2024_convnext,0.37577499999999997,0.21697099892588614,0.271,0.09124156832695007,0.07000623643398285,alex,1000,0.837517261505127,0.07730041444301605,0.90408825,0.5843602657152109,
8/255,30,0.01,123,corvi2023,0.22215625,0.1476510067114094,0.238,0.08888962864875793,0.0694679468870163,alex,1000,0.8394254446029663,0.07792454957962036,0.968738875,0.7706747858136694,
8/255,30,0.01,123,koutlis2024,0.062796875,0.26784140969162995,0.169,0.09219767153263092,0.07031577080488205,alex,1000,0.836420476436615,0.07908899337053299,0.8316975,0.9244955347346843,
8/255,30,0.01,123,ojha2023,0.33253125,0.17965367965367965,0.242,0.09144487231969833,0.07033824920654297,alex,1000,0.8373312950134277,0.07736818492412567,0.9079066250000001,0.6337384915546795,
8/255,30,0.01,123,wang2020,0.37247187500000006,0.057208237986270026,0.176,0.09232359379529953,0.07097040116786957,alex,1000,0.8354942798614502,0.07727856934070587,0.9812132499999999,0.6203966110323113,
8/255,30,0.01,234,cavia2024,0.40432500000000005,0.5919145690312737,0.465,0.09321343898773193,0.07051622867584229,alex,1000,0.8382008075714111,0.0760863870382309,0.7972400000000002,0.49284406201394815,
8/255,30,0.01,234,chen2024_clip,0.12465625,0.5156482861400894,0.35,0.09130602329969406,0.07006440311670303,alex,1000,0.8376839756965637,0.07711149007081985,0.707129,0.8237149798693024,
8/255,30,0.01,234,chen2024_convnext,0.369875,0.21018418201516792,0.271,0.09119585156440735,0.0705796629190445,alex,1000,0.8375571370124817,0.07732287794351578,0.90408825,0.590886177317314,
8/255,30,0.01,234,corvi2023,0.21659375000000003,0.14109742441209408,0.233,0.08888445794582367,0.06951412558555603,alex,1000,0.8395648002624512,0.07776594161987305,0.968738875,0.7764167872379437,
8/255,30,0.01,234,koutlis2024,0.05734375,0.26017699115044246,0.164,0.09202895313501358,0.07006865739822388,alex,1000,0.8364128470420837,0.07902614027261734,0.8316975,0.9310521553810129,
8/255,30,0.01,234,ojha2023,0.34789375,0.17962760131434827,0.251,0.09133238345384598,0.0704854279756546,alex,1000,0.8373809456825256,0.07724954187870026,0.9079066250000001,0.6168176986262216,
8/255,30,0.01,234,wang2020,0.375415625,0.07053469852104664,0.183,0.09208694100379944,0.07088210433721542,alex,1000,0.8354730606079102,0.07737796008586884,0.9812132499999999,0.6173964986714151,
8/255,30,0.03,42,cavia2024,0.41714375000000004,0.6239761727475801,0.495,0.11687551438808441,0.08122310787439346,alex,1000,0.8078712224960327,0.08510279655456543,0.7972400000000002,0.47676515227535005,
8/255,30,0.03,42,chen2024_clip,0.10619999999999999,0.5457205559619605,0.379,0.11391767114400864,0.08083140850067139,alex,1000,0.806300699710846,0.08686376363039017,0.707129,0.8498152388036695,
8/255,30,0.03,42,chen2024_convnext,0.55493125,0.4079696394686907,0.376,0.11390703171491623,0.08083844929933548,alex,1000,0.8062781095504761,0.08678759634494781,0.90408825,0.38619791817889465,
8/255,30,0.03,42,corvi2023,0.3628625,0.210989010989011,0.282,0.11234326660633087,0.0801093652844429,alex,1000,0.8068835735321045,0.08679825812578201,0.968738875,0.6254279565275008,
8/255,30,0.03,42,koutlis2024,0.20461875000000002,0.4631410256410257,0.33,0.11404094099998474,0.08073795586824417,alex,1000,0.8065293431282043,0.08664119988679886,0.8316975,0.7539745520456655,
8/255,30,0.03,42,ojha2023,0.31569375000000005,0.30931796349663787,0.281,0.11382221430540085,0.0805545374751091,alex,1000,0.8062950372695923,0.08679482340812683,0.9079066250000001,0.6522839008912397,
8/255,30,0.03,42,wang2020,0.611028125,0.12387387387387387,0.222,0.11252804845571518,0.08060410618782043,alex,1000,0.8037617206573486,0.08703848719596863,0.9812132499999999,0.3772728558241544,
8/255,30,0.03,123,cavia2024,0.41315625,0.6144668158090977,0.483,0.11662589013576508,0.08112749457359314,alex,1000,0.8078390955924988,0.0851731076836586,0.7972400000000002,0.4817667829010086,
8/255,30,0.03,123,chen2024_clip,0.10594999999999999,0.5425219941348974,0.376,0.11385920643806458,0.08068642020225525,alex,1000,0.8062340021133423,0.08683156967163086,0.707129,0.8501687810852051,
8/255,30,0.03,123,chen2024_convnext,0.54058125,0.4124293785310734,0.376,0.11389591544866562,0.08077969402074814,alex,1000,0.8062325119972229,0.086858369410038,0.90408825,0.40207026249926375,
8/255,30,0.03,123,corvi2023,0.358,0.19955654101995565,0.278,0.11240169405937195,0.08019411563873291,alex,1000,0.8068425059318542,0.08696252107620239,0.968738875,0.6304473690084957,
8/255,30,0.03,123,koutlis2024,0.20733437500000002,0.4622792937399679,0.33,0.11397221684455872,0.08065996319055557,alex,1000,0.8064011335372925,0.08683455735445023,0.8316975,0.7507093925375511,
8/255,30,0.03,123,ojha2023,0.33655,0.30724070450097846,0.292,0.1138441264629364,0.08068311214447021,alex,1000,0.8063325881958008,0.08681491762399673,0.9079066250000001,0.6293121002393831,
8/255,30,0.03,123,wang2020,0.6148531249999999,0.1297539149888143,0.222,0.11263199150562286,0.08081744611263275,alex,1000,0.8037344217300415,0.08707981556653976,0.9812132499999999,0.37337462065458255,
8/255,30,0.03,234,cavia2024,0.4143875,0.6224869694713329,0.493,0.11680241674184799,0.0810074582695961,alex,1000,0.8078601360321045,0.08519353717565536,0.7972400000000002,0.4802223922532739,
8/255,30,0.03,234,chen2024_clip,0.11169375000000001,0.5509157509157508,0.387,0.11394109576940536,0.08087332546710968,alex,1000,0.8062160611152649,0.08687841892242432,0.707129,0.8420461471669243,
8/255,30,0.03,234,chen2024_convnext,0.5408562499999999,0.40831758034026466,0.374,0.11399975419044495,0.08076208829879761,alex,1000,0.8062435388565063,0.08688734471797943,0.90408825,0.40176608865340313,
8/255,30,0.03,234,corvi2023,0.3707875,0.19664804469273742,0.281,0.11238203197717667,0.0803903266787529,alex,1000,0.8068286180496216,0.08695562928915024,0.968738875,0.6172472174196582,
8/255,30,0.03,234,koutlis2024,0.199315625,0.4308943089430894,0.3,0.11396060883998871,0.08059810847043991,alex,1000,0.8064370155334473,0.08672431111335754,0.8316975,0.7603508186570237,
8/255,30,0.03,234,ojha2023,0.3374375,0.32108317214700194,0.298,0.11387236416339874,0.08051056414842606,alex,1000,0.8063318729400635,0.08679760992527008,0.9079066250000001,0.6283345768073891,
8/255,30,0.03,234,wang2020,0.6116406249999999,0.12513966480446928,0.217,0.11265133321285248,0.08070272952318192,alex,1000,0.8037368655204773,0.08711971342563629,0.9812132499999999,0.37664862862379817,
8/255,30,0.05,42,cavia2024,0.42574375,0.6275092936802974,0.499,0.1352849006652832,0.08968786150217056,alex,1000,0.778098464012146,0.09972349554300308,0.7972400000000002,0.46597793638051294,
8/255,30,0.05,42,chen2024_clip,0.297075,0.714663143989432,0.568,0.13054552674293518,0.0896281823515892,alex,1000,0.7762959003448486,0.1011798158288002,0.707129,0.5798857068512252,
8/255,30,0.05,42,chen2024_convnext,0.7388375,0.6405867970660146,0.559,0.13063950836658478,0.08958227932453156,alex,1000,0.776469886302948,0.10103640705347061,0.90408825,0.1827816587595293,
8/255,30,0.05,42,corvi2023,0.5753249999999999,0.28265524625267663,0.33,0.1292727142572403,0.08883168548345566,alex,1000,0.7767250537872314,0.10117047280073166,0.968738875,0.4061093088681923,
8/255,30,0.05,42,koutlis2024,0.36060312499999997,0.5787878787878789,0.444,0.13066239655017853,0.08935689926147461,alex,1000,0.7763176560401917,0.10125625878572464,0.8316975,0.5664251425548351,
8/255,30,0.05,42,ojha2023,0.5081125,0.4647006255585344,0.401,0.13022765517234802,0.08926079422235489,alex,1000,0.776435911655426,0.10117882490158081,0.9079066250000001,0.4403471832799987,
8/255,30,0.05,42,wang2020,0.7735687500000001,0.24321389793702497,0.303,0.12755855917930603,0.08875523507595062,alex,1000,0.7738888263702393,0.10121355950832367,0.9812132499999999,0.21162015494593026,
8/255,30,0.05,123,cavia2024,0.4209625,0.6295471417965849,0.501,0.135481059551239,0.08962492644786835,alex,1000,0.7780768871307373,0.09978335350751877,0.7972400000000002,0.47197518940344196,
8/255,30,0.05,123,chen2024_clip,0.319575,0.7024848891873741,0.557,0.13039855659008026,0.0894714891910553,alex,1000,0.7763198018074036,0.10107025504112244,0.707129,0.5480669015130195,
8/255,30,0.05,123,chen2024_convnext,0.7366250000000001,0.6493506493506493,0.568,0.13099195063114166,0.09004799276590347,alex,1000,0.7764818072319031,0.10099726915359497,0.90408825,0.18522887561031784,
8/255,30,0.05,123,corvi2023,0.5656375,0.27341227125941875,0.325,0.12923474609851837,0.08905696123838425,alex,1000,0.776745080947876,0.10117515176534653,0.968738875,0.4161094237082206,
8/255,30,0.05,123,koutlis2024,0.36782187499999996,0.5714285714285714,0.439,0.13051365315914154,0.0891634002327919,alex,1000,0.7763038873672485,0.1012125089764595,0.8316975,0.5577456046218727,
8/255,30,0.05,123,ojha2023,0.5129750000000001,0.4710080285459411,0.407,0.13003046810626984,0.08930876106023788,alex,1000,0.7764062881469727,0.10123094916343689,0.9079066250000001,0.434991456307525,
8/255,30,0.05,123,wang2020,0.7549187500000001,0.23439211391018624,0.301,0.12771567702293396,0.08866120874881744,alex,1000,0.7738666534423828,0.10123683512210846,0.9812132499999999,0.23062723623024847,
8/255,30,0.05,234,cavia2024,0.415,0.6205357142857143,0.49,0.135358989238739,0.08966223895549774,alex,1000,0.7780930399894714,0.09981665015220642,0.7972400000000002,0.47945411670262417,
8/255,30,0.05,234,chen2024_clip,0.314025,0.7083888149134486,0.562,0.13026908040046692,0.08933572471141815,alex,1000,0.7763358354568481,0.10108037292957306,0.707129,0.5559155401631103,
8/255,30,0.05,234,chen2024_convnext,0.7340625,0.6337448559670782,0.555,0.13066865503787994,0.08949035406112671,alex,1000,0.7765322923660278,0.10100636631250381,0.90408825,0.18806322281038393,
8/255,30,0.05,234,corvi2023,0.5806375,0.27253218884120173,0.322,0.12918934226036072,0.0886736810207367,alex,1000,0.7767552733421326,0.10109827667474747,0.968738875,0.4006253749236604,
8/255,30,0.05,234,koutlis2024,0.380475,0.5790273556231003,0.446,0.13044247031211853,0.08935562521219254,alex,1000,0.7763146162033081,0.10125076770782471,0.8316975,0.5425319902969529,
8/255,30,0.05,234,ojha2023,0.5038812500000001,0.45161290322580644,0.388,0.13002976775169373,0.08925438672304153,alex,1000,0.7764224410057068,0.1010635569691658,0.9079066250000001,0.44500762950154704,
8/255,30,0.05,234,wang2020,0.7630937499999999,0.2483660130718954,0.31,0.12771444022655487,0.08864136785268784,alex,1000,0.773874044418335,0.10120109468698502,0.9812132499999999,0.22229571400508508,
8/255,,,42,cavia2024,0.40854375000000004,0.6964285714285714,0.558,0.05940505862236023,0.05584841966629028,alex,1000,0.8257347941398621,0.0829249769449234,0.7972400000000002,0.4875523681701872,
8/255,,,42,chen2024_clip,0.6974,0.8601099572388515,0.771,0.05940505862236023,0.05584841966629028,alex,1000,0.8257347941398621,0.0829249769449234,0.707129,0.01375845142824009,
8/255,,,42,chen2024_convnext,0.90113125,0.8766756032171582,0.816,0.05940505862236023,0.05584841966629028,alex,1000,0.8257347941398621,0.0829249769449234,0.90408825,0.0032706984080370332,
8/255,,,42,corvi2023,0.9397749999999999,0.8056589724497394,0.739,0.05940505862236023,0.05584841966629028,alex,1000,0.8257347941398621,0.0829249769449234,0.968738875,0.02989853689932706,
8/255,,,42,koutlis2024,0.7581125,0.884149855907781,0.799,0.05940505862236023,0.05584841966629028,alex,1000,0.8257347941398621,0.0829249769449234,0.8316975,0.08847567775543393,
8/255,,,42,ojha2023,0.8781249999999999,0.6934189406099518,0.618,0.05940505862236023,0.05584841966629028,alex,1000,0.8257347941398621,0.0829249769449234,0.9079066250000001,0.032802519752513255,
8/255,,,42,wang2020,0.9547187499999998,0.7701767870868562,0.701,0.05940505862236023,0.05584841966629028,alex,1000,0.8257347941398621,0.0829249769449234,0.9812132499999999,0.02700177560790184,
8/255,,,123,cavia2024,0.4094375,0.7000686341798215,0.563,0.05942652374505997,0.05580276995897293,alex,1000,0.8257448077201843,0.08295506983995438,0.7972400000000002,0.48643131302995346,
8/255,,,123,chen2024_clip,0.69309375,0.8578401464307505,0.767,0.05942652374505997,0.05580276995897293,alex,1000,0.8257448077201843,0.08295506983995438,0.707129,0.019848217227691204,
8/255,,,123,chen2024_convnext,0.901575,0.8756756756756757,0.816,0.05942652374505997,0.05580276995897293,alex,1000,0.8257448077201843,0.08295506983995438,0.90408825,0.0027798724294890707,
8/255,,,123,corvi2023,0.9409125,0.7976011994002998,0.73,0.05942652374505997,0.05580276995897293,alex,1000,0.8257448077201843,0.08295506983995438,0.968738875,0.02872432986649778,
8/255,,,123,koutlis2024,0.75368125,0.8856812933025404,0.802,0.05942652374505997,0.05580276995897293,alex,1000,0.8257448077201843,0.08295506983995438,0.8316975,0.09380363653852514,
8/255,,,123,ojha2023,0.87881875,0.6946011281224818,0.621,0.05942652374505997,0.05580276995897293,alex,1000,0.8257448077201843,0.08295506983995438,0.9079066250000001,0.03203839932327853,
8/255,,,123,wang2020,0.9548625000000001,0.7606506584043378,0.691,0.05942652374505997,0.05580276995897293,alex,1000,0.8257448077201843,0.08295506983995438,0.9812132499999999,0.02685527330577718,
8/255,,,234,cavia2024,0.41408750000000005,0.7032213845099382,0.567,0.0594034269452095,0.05566904693841934,alex,1000,0.8257374167442322,0.08293124288320541,0.7972400000000002,0.4805986904821635,
8/255,,,234,chen2024_clip,0.69054375,0.8580134064594759,0.767,0.0594034269452095,0.05566904693841934,alex,1000,0.8257374167442322,0.08293124288320541,0.707129,0.023454348499354426,
8/255,,,234,chen2024_convnext,0.90518125,0.873220338983051,0.813,0.0594034269452095,0.05566904693841934,alex,1000,0.8257374167442322,0.08293124288320541,0.90408825,-0.0012089527764573985,
8/255,,,234,corvi2023,0.94008125,0.8017950635751684,0.735,0.0594034269452095,0.05566904693841934,alex,1000,0.8257374167442322,0.08293124288320541,0.968738875,0.029582404236642223,
8/255,,,234,koutlis2024,0.755825,0.8874783612233123,0.805,0.0594034269452095,0.05566904693841934,alex,1000,0.8257374167442322,0.08293124288320541,0.8316975,0.0912260767887363,
8/255,,,234,ojha2023,0.8789250000000001,0.6977491961414791,0.624,0.0594034269452095,0.05566904693841934,alex,1000,0.8257374167442322,0.08293124288320541,0.9079066250000001,0.031921371870152405,
8/255,,,234,wang2020,0.9541437500000001,0.7635239567233385,0.694,0.0594034269452095,0.05566904693841934,alex,1000,0.8257374167442322,0.08293124288320541,0.9812132499999999,0.02758778481639935,
16/255,10,0.01,42,cavia2024,0.36715624999999996,0.5463108320251178,0.422,0.09084238111972809,0.06842794269323349,alex,1000,0.8239632248878479,0.11789937317371368,0.7972400000000002,0.5394658446640913,
16/255,10,0.01,42,chen2024_clip,0.051928125000000006,0.4295830055074744,0.275,0.08782517910003662,0.06712986528873444,alex,1000,0.8223222494125366,0.11801167577505112,0.707129,0.926564848846533,
16/255,10,0.01,42,chen2024_convnext,0.38745,0.2746693794506613,0.287,0.08772236853837967,0.06729885190725327,alex,1000,0.8222602605819702,0.11800695210695267,0.90408825,0.5714467033500324,
16/255,10,0.01,42,corvi2023,0.308378125,0.23101604278074866,0.281,0.08463342487812042,0.06594859063625336,alex,1000,0.8227415084838867,0.11803101748228073,0.968738875,0.681670537893919,
16/255,10,0.01,42,koutlis2024,0.09713437500000002,0.28293545534924847,0.189,0.08733613044023514,0.06729824095964432,alex,1000,0.8225353360176086,0.11864283680915833,0.8316975,0.8832094902293202,
16/255,10,0.01,42,ojha2023,0.284325,0.21250000000000002,0.244,0.08808545768260956,0.06725159287452698,alex,1000,0.8218426704406738,0.11784212291240692,0.9079066250000001,0.6868345354347426,
16/255,10,0.01,42,wang2020,0.41995625000000003,0.14316239316239318,0.198,0.08863528072834015,0.06761110574007034,alex,1000,0.8197302222251892,0.11752638220787048,0.9812132499999999,0.5720030788414241,
16/255,10,0.01,123,cavia2024,0.352125,0.5333333333333333,0.412,0.09076415747404099,0.06834250688552856,alex,1000,0.823983371257782,0.11786597967147827,0.7972400000000002,0.5583199538407506,
16/255,10,0.01,123,chen2024_clip,0.05754375000000001,0.41938046068308177,0.269,0.08789994567632675,0.06710349768400192,alex,1000,0.822295069694519,0.11795561015605927,0.707129,0.9186234053475392,
16/255,10,0.01,123,chen2024_convnext,0.38641562500000004,0.2668024439918534,0.28,0.08781147748231888,0.06716694682836533,alex,1000,0.8223037719726562,0.11800963431596756,0.90408825,0.5725908117929859,
16/255,10,0.01,123,corvi2023,0.31303437500000003,0.22508038585209003,0.277,0.0847567617893219,0.06611786037683487,alex,1000,0.822715699672699,0.11787010729312897,0.968738875,0.6768640310837117,
16/255,10,0.01,123,koutlis2024,0.0992875,0.2788632326820604,0.188,0.08730008453130722,0.0671159029006958,alex,1000,0.8224442005157471,0.11876549571752548,0.8316975,0.8806206583523457,
16/255,10,0.01,123,ojha2023,0.25193750000000004,0.19537815126050423,0.234,0.088236004114151,0.0674864873290062,alex,1000,0.8218540549278259,0.11778220534324646,0.9079066250000001,0.722507256734689,
16/255,10,0.01,123,wang2020,0.406534375,0.13719185423365488,0.195,0.08863777667284012,0.06745453178882599,alex,1000,0.8196622729301453,0.11747386306524277,0.9812132499999999,0.5856819350941296,
16/255,10,0.01,234,cavia2024,0.3557375,0.5346062052505967,0.415,0.0908093973994255,0.06817558407783508,alex,1000,0.8239719867706299,0.11784158647060394,0.7972400000000002,0.5537886960012043,
16/255,10,0.01,234,chen2024_clip,0.04875625,0.4171292624900872,0.265,0.08796729892492294,0.06731439381837845,alex,1000,0.8222585320472717,0.11808566004037857,0.707129,0.9310504165435162,
16/255,10,0.01,234,chen2024_convnext,0.390025,0.27355623100303955,0.283,0.08778544515371323,0.06730328500270844,alex,1000,0.8223398923873901,0.11792048811912537,0.90408825,0.5685985300660638,
16/255,10,0.01,234,corvi2023,0.3047875,0.2291220556745182,0.28,0.0849245935678482,0.06619617342948914,alex,1000,0.8226332068443298,0.11806975305080414,0.968738875,0.6853770320717232,
16/255,10,0.01,234,koutlis2024,0.095334375,0.29422066549912435,0.194,0.08736775070428848,0.06739520281553268,alex,1000,0.8225699067115784,0.11870408803224564,0.8316975,0.885373738648968,
16/255,10,0.01,234,ojha2023,0.28906875,0.2025052192066806,0.236,0.08804038912057877,0.0671602413058281,alex,1000,0.8218713402748108,0.11782408505678177,0.9079066250000001,0.6816096038510568,
16/255,10,0.01,234,wang2020,0.41310625,0.139186295503212,0.196,0.08874520659446716,0.06774058192968369,alex,1000,0.8196994066238403,0.11752468347549438,0.9812132499999999,0.578984232020919,
16/255,10,0.03,42,cavia2024,0.3546875,0.5971492873218305,0.463,0.2264271378517151,0.12111585587263107,alex,1000,0.6508519053459167,0.12178217619657516,0.7972400000000002,0.5551057398023181,
16/255,10,0.03,42,chen2024_clip,0.022231250000000004,0.25828970331588136,0.15,0.22167503833770752,0.12101743370294571,alex,1000,0.6490693092346191,0.12305548787117004,0.707129,0.9685612526144451,
16/255,10,0.03,42,chen2024_convnext,0.2452875,0.09339407744874714,0.204,0.22173553705215454,0.12156195193529129,alex,1000,0.6489490866661072,0.12314030528068542,0.90408825,0.7286907555761288,
16/255,10,0.03,42,corvi2023,0.15800625,0.08695652173913045,0.202,0.2143627107143402,0.11909560114145279,alex,1000,0.6501151323318481,0.12385278940200806,0.968738875,0.8368949011156386,
16/255,10,0.03,42,koutlis2024,0.0717875,0.07839195979899498,0.083,0.22158721089363098,0.12112109363079071,alex,1000,0.6494168639183044,0.12288960814476013,0.8316975,0.913685564763631,
16/255,10,0.03,42,ojha2023,0.1474125,0.13871635610766045,0.168,0.22146275639533997,0.12103299051523209,alex,1000,0.6488698720932007,0.12290458381175995,0.9079066250000001,0.8376347347393792,
16/255,10,0.03,42,wang2020,0.32756875,0.031496062992125984,0.139,0.22227723896503448,0.1217016875743866,alex,1000,0.6455269455909729,0.1229003295302391,0.9812132499999999,0.6661594714502683,
16/255,10,0.03,123,cavia2024,0.34401250000000005,0.5830815709969788,0.448,0.22670073807239532,0.12134766578674316,alex,1000,0.6508215069770813,0.121771439909935,0.7972400000000002,0.5684956851136421,
16/255,10,0.03,123,chen2024_clip,0.024,0.28079242032730406,0.165,0.22138161957263947,0.12058837711811066,alex,1000,0.6490840911865234,0.12303998321294785,0.707129,0.9660599409725806,
16/255,10,0.03,123,chen2024_convnext,0.24913125,0.09717514124293786,0.201,0.2213708907365799,0.1212909147143364,alex,1000,0.6490117311477661,0.12309838086366653,0.90408825,0.7244392347760299,
16/255,10,0.03,123,corvi2023,0.15508125,0.06872852233676977,0.187,0.21418845653533936,0.11886975914239883,alex,1000,0.6501617431640625,0.12373586744070053,0.968738875,0.8399142906286279,
16/255,10,0.03,123,koutlis2024,0.060343750000000015,0.08835341365461848,0.092,0.22193238139152527,0.12143855541944504,alex,1000,0.6494282484054565,0.12285489588975906,0.8316975,0.9274450746816,
16/255,10,0.03,123,ojha2023,0.17630624999999997,0.1416666666666667,0.176,0.22181256115436554,0.12158916145563126,alex,1000,0.6489055156707764,0.1228964626789093,0.9079066250000001,0.8058101514569298,
16/255,10,0.03,123,wang2020,0.33846875,0.02708803611738149,0.138,0.22206911444664001,0.1217493936419487,alex,1000,0.6455247402191162,0.122887521982193,0.9812132499999999,0.6550507751500502,
16/255,10,0.03,234,cavia2024,0.35121250000000004,0.5850340136054422,0.451,0.22663526237010956,0.12136907875537872,alex,1000,0.650794506072998,0.12177684158086777,0.7972400000000002,0.5594645276202901,
16/255,10,0.03,234,chen2024_clip,0.022193750000000005,0.2595818815331011,0.15,0.2217736840248108,0.12088955193758011,alex,1000,0.6491104960441589,0.12305596470832825,0.707129,0.9686142839566755,
16/255,10,0.03,234,chen2024_convnext,0.239825,0.075,0.186,0.2214144468307495,0.12131146341562271,alex,1000,0.6489869952201843,0.12302672117948532,0.90408825,0.7347327542416352,
16/255,10,0.03,234,corvi2023,0.15831875,0.08447488584474887,0.198,0.21417532861232758,0.1188565343618393,alex,1000,0.6500641107559204,0.12384092807769775,0.968738875,0.8365723167659603,
16/255,10,0.03,234,koutlis2024,0.05100625000000001,0.09306930693069307,0.084,0.22200947999954224,0.12121731042861938,alex,1000,0.6492787003517151,0.12285082042217255,0.8316975,0.9386721133585227,
16/255,10,0.03,234,ojha2023,0.1538375,0.1491317671092952,0.167,0.2216089814901352,0.12085705995559692,alex,1000,0.6488445997238159,0.12289228290319443,0.9079066250000001,0.8305580158091699,
16/255,10,0.03,234,wang2020,0.32760624999999993,0.026996625421822268,0.135,0.22233319282531738,0.12191818654537201,alex,1000,0.6455571055412292,0.12293393164873123,0.9812132499999999,0.6661212534584099,
16/255,10,0.05,42,cavia2024,0.35765,0.6159527326440177,0.48,0.2532631456851959,0.12886804342269897,alex,1000,0.6196911334991455,0.12622487545013428,0.7972400000000002,0.5513897947920325,
16/255,10,0.05,42,chen2024_clip,0.04631875,0.34003350083752093,0.212,0.24774661660194397,0.12864528596401215,alex,1000,0.6178264021873474,0.1275397688150406,0.707129,0.9344974537884885,
16/255,10,0.05,42,chen2024_convnext,0.31628125000000007,0.12852311161217586,0.227,0.24746721982955933,0.12889419496059418,alex,1000,0.6177269220352173,0.1276157796382904,0.90408825,0.6501655120503999,
16/255,10,0.05,42,corvi2023,0.220725,0.08745684695051784,0.207,0.2414029836654663,0.12776046991348267,alex,1000,0.6188802719116211,0.12812671065330505,0.968738875,0.7721522221351962,
16/255,10,0.05,42,koutlis2024,0.10146250000000001,0.16358325219084713,0.141,0.24786916375160217,0.12899552285671234,alex,1000,0.6179231405258179,0.12755468487739563,0.8316975,0.8780055248452713,
16/255,10,0.05,42,ojha2023,0.19406875,0.22287390029325513,0.205,0.2480030357837677,0.12908440828323364,alex,1000,0.6176549196243286,0.12757422029972076,0.9079066250000001,0.78624591488139,
16/255,10,0.05,42,wang2020,0.42745,0.03229527104959631,0.161,0.24718807637691498,0.12919868528842926,alex,1000,0.6137775778770447,0.1276969313621521,0.9812132499999999,0.5643658501350242,
16/255,10,0.05,123,cavia2024,0.35606875,0.612094395280236,0.474,0.2532806694507599,0.12900540232658386,alex,1000,0.619625449180603,0.12626111507415771,0.7972400000000002,0.5533732000401386,
16/255,10,0.05,123,chen2024_clip,0.04962500000000001,0.3280067283431455,0.201,0.2475932538509369,0.1285293996334076,alex,1000,0.6178381443023682,0.12750405073165894,0.707129,0.9298218571151798,
16/255,10,0.05,123,chen2024_convnext,0.308025,0.1343784994400896,0.227,0.24775341153144836,0.1290476769208908,alex,1000,0.6177349090576172,0.12760743498802185,0.90408825,0.6592976404681733,
16/255,10,0.05,123,corvi2023,0.2212375,0.09425287356321838,0.212,0.24152955412864685,0.12777353823184967,alex,1000,0.6189740896224976,0.1280456930398941,0.968738875,0.7716231838017237,
16/255,10,0.05,123,koutlis2024,0.08731562500000001,0.16472868217054262,0.138,0.24809761345386505,0.12872087955474854,alex,1000,0.6179443597793579,0.12757590413093567,0.8316975,0.8950151647684405,
16/255,10,0.05,123,ojha2023,0.21754374999999998,0.22332015810276676,0.214,0.24739457666873932,0.12861840426921844,alex,1000,0.6176819205284119,0.1274780035018921,0.9079066250000001,0.7603897317083682,
16/255,10,0.05,123,wang2020,0.4378187499999999,0.03690888119953864,0.165,0.2473326176404953,0.1291475147008896,alex,1000,0.6137737035751343,0.12767192721366882,0.9812132499999999,0.5537985753861355,
16/255,10,0.05,234,cavia2024,0.35293125000000003,0.6013363028953229,0.463,0.2529263198375702,0.12861481308937073,alex,1000,0.6196523904800415,0.12624457478523254,0.7972400000000002,0.5573086523506097,
16/255,10,0.05,234,chen2024_clip,0.04431250000000001,0.32033898305084746,0.198,0.24774958193302155,0.12885655462741852,alex,1000,0.6178063154220581,0.12758511304855347,0.707129,0.9373346305978117,
16/255,10,0.05,234,chen2024_convnext,0.3086,0.1294642857142857,0.22,0.24736231565475464,0.12865380942821503,alex,1000,0.6177124977111816,0.12761290371418,0.90408825,0.6586616406086464,
16/255,10,0.05,234,corvi2023,0.23267500000000002,0.08796296296296297,0.212,0.24151627719402313,0.12810997664928436,alex,1000,0.6189150214195251,0.1280127763748169,0.968738875,0.7598165966034964,
16/255,10,0.05,234,koutlis2024,0.10991250000000001,0.16374269005847952,0.142,0.2479132115840912,0.12845934927463531,alex,1000,0.6179521083831787,0.12759800255298615,0.8316975,0.8678455808752582,
16/255,10,0.05,234,ojha2023,0.19904375000000002,0.22784810126582278,0.207,0.24765390157699585,0.12901079654693604,alex,1000,0.6176788210868835,0.12757518887519836,0.9079066250000001,0.7807662764879594,
16/255,10,0.05,234,wang2020,0.4395406249999999,0.030127462340672078,0.163,0.24710598587989807,0.12901616096496582,alex,1000,0.6137966513633728,0.12771910429000854,0.9812132499999999,0.5520437325932972,
16/255,20,0.01,42,cavia2024,0.33603124999999995,0.5028203062046737,0.383,0.1403408944606781,0.0881446897983551,alex,1000,0.7631353139877319,0.1121772825717926,0.7972400000000002,0.5785067859113945,
16/255,20,0.01,42,chen2024_clip,0.05929374999999999,0.3628899835796388,0.224,0.1372285932302475,0.0870809331536293,alex,1000,0.7618473172187805,0.11222958564758301,0.707129,0.9161486093767898,
16/255,20,0.01,42,chen2024_convnext,0.26410625,0.09862385321100918,0.214,0.13761542737483978,0.08797536790370941,alex,1000,0.7614806294441223,0.11247671395540237,0.90408825,0.7078755862605227,
16/255,20,0.01,42,corvi2023,0.1572625,0.09350057012542759,0.205,0.1300479620695114,0.0853460505604744,alex,1000,0.7623013257980347,0.11332110315561295,0.968738875,0.8376626518678731,
16/255,20,0.01,42,koutlis2024,0.029437500000000005,0.11538461538461538,0.08,0.1383512169122696,0.08811575919389725,alex,1000,0.760938823223114,0.11410706490278244,0.8316975,0.9646055206370104,
16/255,20,0.01,42,ojha2023,0.24473124999999998,0.10101010101010101,0.199,0.13799549639225006,0.08771302551031113,alex,1000,0.7609225511550903,0.11195381730794907,0.9079066250000001,0.7304444716437662,
16/255,20,0.01,42,wang2020,0.19952187500000002,0.02054794520547945,0.142,0.142038956284523,0.0898507609963417,alex,1000,0.7569227814674377,0.1115277111530304,0.9812132499999999,0.7966579894839373,
16/255,20,0.01,123,cavia2024,0.33666874999999996,0.5064516129032258,0.388,0.1401527374982834,0.08830266445875168,alex,1000,0.7631044983863831,0.11226581782102585,0.7972400000000002,0.5777071521750039,
16/255,20,0.01,123,chen2024_clip,0.06637500000000002,0.3824247355573638,0.241,0.13764148950576782,0.08775420486927032,alex,1000,0.761689305305481,0.11221051216125488,0.707129,0.9061345242522935,
16/255,20,0.01,123,chen2024_convnext,0.25533125,0.10273972602739725,0.214,0.1372961401939392,0.08787834644317627,alex,1000,0.7617023587226868,0.11243472248315811,0.90408825,0.7175814971602607,
16/255,20,0.01,123,corvi2023,0.15391875,0.09142857142857143,0.205,0.130082368850708,0.08534611016511917,alex,1000,0.7621217370033264,0.11347055435180664,0.968738875,0.8411143044094312,
16/255,20,0.01,123,koutlis2024,0.027025000000000004,0.10261374636979673,0.073,0.13818545639514923,0.08785782754421234,alex,1000,0.7609241008758545,0.11424924433231354,0.8316975,0.9675062146994551,
16/255,20,0.01,123,ojha2023,0.283225,0.10273972602739725,0.214,0.13741694390773773,0.08703365176916122,alex,1000,0.7613717317581177,0.11194920539855957,0.9079066250000001,0.6880461137729884,
16/255,20,0.01,123,wang2020,0.20754062500000003,0.020571428571428567,0.143,0.14172297716140747,0.08919378370046616,alex,1000,0.7571495771408081,0.11148978769779205,0.9812132499999999,0.7884857088915177,
16/255,20,0.01,234,cavia2024,0.3336875,0.5012165450121654,0.385,0.14009900391101837,0.08807774633169174,alex,1000,0.7630221843719482,0.1121639609336853,0.7972400000000002,0.5814466158245949,
16/255,20,0.01,234,chen2024_clip,0.05511875000000001,0.3534269199009083,0.217,0.13717129826545715,0.0875495970249176,alex,1000,0.7618736028671265,0.11192687600851059,0.707129,0.9220527654784346,
16/255,20,0.01,234,chen2024_convnext,0.25315000000000004,0.0897583429228999,0.209,0.13733413815498352,0.08771897107362747,alex,1000,0.7617675065994263,0.11220458894968033,0.90408825,0.7199941488012924,
16/255,20,0.01,234,corvi2023,0.15155937500000002,0.08656036446469248,0.198,0.1300734281539917,0.08572684228420258,alex,1000,0.7621005773544312,0.11363843828439713,0.968738875,0.8435498162495026,
16/255,20,0.01,234,koutlis2024,0.03263437500000001,0.1231953801732435,0.089,0.13826753199100494,0.08820205181837082,alex,1000,0.7608727216720581,0.11424516886472702,0.8316975,0.9607617252666986,
16/255,20,0.01,234,ojha2023,0.27511874999999997,0.0824742268041237,0.199,0.13768626749515533,0.08747637271881104,alex,1000,0.7612255811691284,0.11210588365793228,0.9079066250000001,0.6969746200497215,
16/255,20,0.01,234,wang2020,0.21037499999999998,0.020477815699658702,0.139,0.14190351963043213,0.08943989872932434,alex,1000,0.7568926811218262,0.1114697977900505,0.9812132499999999,0.7855970656735425,
16/255,20,0.03,42,cavia2024,0.36965,0.607329842931937,0.475,0.2358069121837616,0.12332048267126083,alex,1000,0.63778156042099,0.12127230316400528,0.7972400000000002,0.5363378656364458,
16/255,20,0.03,42,chen2024_clip,0.045306250000000006,0.27628149435273675,0.167,0.23319227993488312,0.12328983098268509,alex,1000,0.6367329955101013,0.12230081111192703,0.707129,0.9359293000287077,
16/255,20,0.03,42,chen2024_convnext,0.2512875,0.06390532544378698,0.209,0.23311297595500946,0.12338998913764954,alex,1000,0.6366117000579834,0.12234953045845032,0.90408825,0.7220542353028037,
16/255,20,0.03,42,corvi2023,0.11498125000000001,0.04408352668213457,0.176,0.22408317029476166,0.12121724337339401,alex,1000,0.6403135061264038,0.1236606016755104,0.968738875,0.8813083143793522,
16/255,20,0.03,42,koutlis2024,0.03213750000000001,0.07730426164519326,0.069,0.23416998982429504,0.12308917194604874,alex,1000,0.6368231773376465,0.12208472937345505,0.8316975,0.9613591480075387,
16/255,20,0.03,42,ojha2023,0.21790625,0.10195227765726682,0.172,0.2333013266324997,0.123399518430233,alex,1000,0.6365177035331726,0.12218520045280457,0.9079066250000001,0.7599904615741735,
16/255,20,0.03,42,wang2020,0.25105625,0.004711425206124852,0.155,0.2365514636039734,0.1251547783613205,alex,1000,0.631868302822113,0.12219064682722092,0.9812132499999999,0.744136914172327,
16/255,20,0.03,123,cavia2024,0.37003749999999996,0.595648912228057,0.461,0.23584096133708954,0.12338127940893173,alex,1000,0.6378194689750671,0.12122666090726852,0.7972400000000002,0.5358518137574634,
16/255,20,0.03,123,chen2024_clip,0.0362125,0.26956521739130435,0.16,0.23321691155433655,0.1232249066233635,alex,1000,0.6366882920265198,0.12232945114374161,0.707129,0.9487894005195657,
16/255,20,0.03,123,chen2024_convnext,0.23570000000000002,0.05200945626477542,0.198,0.232768714427948,0.12342104315757751,alex,1000,0.6366321444511414,0.12241853028535843,0.90408825,0.7392953619295461,
16/255,20,0.03,123,corvi2023,0.11751250000000002,0.04634994206257242,0.177,0.22386403381824493,0.12117262184619904,alex,1000,0.640275776386261,0.12376634776592255,0.968738875,0.8786953811469577,
16/255,20,0.03,123,koutlis2024,0.02651250000000001,0.06766169154228856,0.063,0.2343856394290924,0.1233646348118782,alex,1000,0.6369634866714478,0.1218867152929306,0.8316975,0.968122424318938,
16/255,20,0.03,123,ojha2023,0.2360875,0.0916030534351145,0.167,0.23336991667747498,0.12412327527999878,alex,1000,0.6365576386451721,0.12216004729270935,0.9079066250000001,0.7399649991539604,
16/255,20,0.03,123,wang2020,0.24591249999999998,0.004689331770222743,0.151,0.23616133630275726,0.12475811690092087,alex,1000,0.6318119168281555,0.12225820124149323,0.9812132499999999,0.7493791487222579,
16/255,20,0.03,234,cavia2024,0.36568749999999994,0.6019417475728155,0.467,0.23580507934093475,0.12328346073627472,alex,1000,0.6377765536308289,0.12128330767154694,0.7972400000000002,0.5413081380763636,
16/255,20,0.03,234,chen2024_clip,0.03515,0.2556917688266199,0.15,0.23286259174346924,0.12330388277769089,alex,1000,0.6367723345756531,0.12235051393508911,0.707129,0.9502919552160921,
16/255,20,0.03,234,chen2024_convnext,0.24073750000000005,0.05476190476190476,0.206,0.23287653923034668,0.12343612313270569,alex,1000,0.6366422772407532,0.12231939285993576,0.90408825,0.7337234501167336,
16/255,20,0.03,234,corvi2023,0.1136875,0.0419091967403958,0.177,0.2236182987689972,0.12070401757955551,alex,1000,0.6403695344924927,0.12367497384548187,0.968738875,0.8826438135870205,
16/255,20,0.03,234,koutlis2024,0.032012500000000006,0.0736318407960199,0.069,0.23424455523490906,0.12326382845640182,alex,1000,0.6368130445480347,0.12206793576478958,0.8316975,0.961509443036681,
16/255,20,0.03,234,ojha2023,0.21760625,0.09900990099009901,0.181,0.2333090752363205,0.12350443005561829,alex,1000,0.6364875435829163,0.1223023533821106,0.9079066250000001,0.7603208920300587,
16/255,20,0.03,234,wang2020,0.266675,0.004700352526439483,0.153,0.2364749014377594,0.12510889768600464,alex,1000,0.6317768096923828,0.122332863509655,0.9812132499999999,0.7282191205632415,
16/255,20,0.05,42,cavia2024,0.36126250000000004,0.6104951958610495,0.473,0.2554026246070862,0.1291060894727707,alex,1000,0.6179630160331726,0.12558002769947052,0.7972400000000002,0.5468585369524861,
16/255,20,0.05,42,chen2024_clip,0.05569375,0.3447698744769875,0.217,0.25145378708839417,0.12835852801799774,alex,1000,0.6162212491035461,0.12688486278057098,0.707129,0.9212396182309027,
16/255,20,0.05,42,chen2024_convnext,0.31183125,0.10091743119266054,0.216,0.2513277232646942,0.1288987249135971,alex,1000,0.6161240339279175,0.12710055708885193,0.90408825,0.6550875979197828,
16/255,20,0.05,42,corvi2023,0.19296250000000004,0.06315789473684211,0.199,0.24473915994167328,0.12793631851673126,alex,1000,0.6181366443634033,0.12781643867492676,0.968738875,0.8008106157606196,
16/255,20,0.05,42,koutlis2024,0.086271875,0.15518913676042675,0.129,0.25170207023620605,0.12836308777332306,alex,1000,0.6164300441741943,0.12695305049419403,0.8316975,0.8962701282617779,
16/255,20,0.05,42,ojha2023,0.20655,0.19979818365287588,0.207,0.25128278136253357,0.1286172717809677,alex,1000,0.6160582304000854,0.12706433236598969,0.9079066250000001,0.7724986311229968,
16/255,20,0.05,42,wang2020,0.398209375,0.011834319526627219,0.165,0.2522364854812622,0.129872128367424,alex,1000,0.611462414264679,0.1270221322774887,0.9812132499999999,0.5941663292867274,
16/255,20,0.05,123,cavia2024,0.36770625,0.6100443131462334,0.472,0.25523442029953003,0.12899388372898102,alex,1000,0.6178521513938904,0.12565405666828156,0.7972400000000002,0.5387759645777934,
16/255,20,0.05,123,chen2024_clip,0.0538125,0.32742616033755273,0.203,0.25121551752090454,0.12856177985668182,alex,1000,0.6162112355232239,0.1270161271095276,0.707129,0.9239000238994581,
16/255,20,0.05,123,chen2024_convnext,0.316875,0.09919261822376009,0.219,0.2510322332382202,0.12891200184822083,alex,1000,0.6161299347877502,0.12703901529312134,0.90408825,0.6495087730650189,
16/255,20,0.05,123,corvi2023,0.19411875,0.06257242178447277,0.191,0.24455879628658295,0.12746292352676392,alex,1000,0.6180930137634277,0.12775902450084686,0.968738875,0.7996170536668098,
16/255,20,0.05,123,koutlis2024,0.09800624999999999,0.13293650793650796,0.126,0.251740425825119,0.12846681475639343,alex,1000,0.6165395379066467,0.12672799825668335,0.8316975,0.8821611824010533,
16/255,20,0.05,123,ojha2023,0.23917500000000003,0.21212121212121215,0.22,0.2514459788799286,0.12894512712955475,alex,1000,0.6161332726478577,0.12692058086395264,0.9079066250000001,0.7365643190454745,
16/255,20,0.05,123,wang2020,0.39615312499999994,0.01637426900584795,0.159,0.2522236108779907,0.12945371866226196,alex,1000,0.611469030380249,0.1270611733198166,0.9812132499999999,0.596261949173638,
16/255,20,0.05,234,cavia2024,0.36666875,0.6112759643916914,0.476,0.25524476170539856,0.12877190113067627,alex,1000,0.6178224086761475,0.12562845647335052,0.7972400000000002,0.5400773292860369,
16/255,20,0.05,234,chen2024_clip,0.05251875,0.3461538461538461,0.218,0.25086668133735657,0.12834367156028748,alex,1000,0.6162073016166687,0.12689511477947235,0.707129,0.925729605206405,
16/255,20,0.05,234,chen2024_convnext,0.30474375,0.10693970420932877,0.215,0.2514010965824127,0.12904715538024902,alex,1000,0.6161205768585205,0.12703101336956024,0.90408825,0.662926987492648,
16/255,20,0.05,234,corvi2023,0.1925,0.06293706293706294,0.196,0.24474933743476868,0.12800313532352448,alex,1000,0.6181406378746033,0.12772955000400543,0.968738875,0.8012880405981436,
16/255,20,0.05,234,koutlis2024,0.085046875,0.16554379210779596,0.133,0.2517372965812683,0.12871794402599335,alex,1000,0.6165781021118164,0.12681838870048523,0.8316975,0.8977430195473716,
16/255,20,0.05,234,ojha2023,0.24031875,0.2157258064516129,0.222,0.25140273571014404,0.12842386960983276,alex,1000,0.6160884499549866,0.12698456645011902,0.9079066250000001,0.7353045529324119,
16/255,20,0.05,234,wang2020,0.4094875,0.009411764705882352,0.158,0.25209322571754456,0.12955044209957123,alex,1000,0.6114660501480103,0.12711796164512634,0.9812132499999999,0.5826722682352689,
16/255,30,0.01,42,cavia2024,0.32326250000000006,0.4914841849148418,0.373,0.16823169589042664,0.09962347149848938,alex,1000,0.7251230478286743,0.11172084510326385,0.7972400000000002,0.5945229792785108,
16/255,30,0.01,42,chen2024_clip,0.0907,0.4259699129057799,0.275,0.16540713608264923,0.09893815219402313,alex,1000,0.724459707736969,0.11148317158222198,0.707129,0.8717348602588778,
16/255,30,0.01,42,chen2024_convnext,0.24489375000000002,0.0591016548463357,0.204,0.1656510978937149,0.098997563123703,alex,1000,0.7241942286491394,0.11186660081148148,0.90408825,0.7291262772190658,
16/255,30,0.01,42,corvi2023,0.12256250000000003,0.06414662084765177,0.183,0.1585383415222168,0.09767225384712219,alex,1000,0.723651111125946,0.11421780288219452,0.968738875,0.8734824180561557,
16/255,30,0.01,42,koutlis2024,0.018175000000000004,0.08171206225680934,0.056,0.16829946637153625,0.09909013658761978,alex,1000,0.7218535542488098,0.11434858292341232,0.8316975,0.9781471027627232,
16/255,30,0.01,42,ojha2023,0.24039375,0.08018327605956471,0.197,0.16573084890842438,0.0992637500166893,alex,1000,0.7238441109657288,0.11176393926143646,0.9079066250000001,0.7352219453184408,
16/255,30,0.01,42,wang2020,0.1262625,0.006795016987542469,0.123,0.17035885155200958,0.10111681371927261,alex,1000,0.7203854918479919,0.11081384867429733,0.9812132499999999,0.8713200214122669,
16/255,30,0.01,123,cavia2024,0.33368125,0.5012126111560227,0.383,0.1680322140455246,0.09876185655593872,alex,1000,0.7254853248596191,0.11157412827014923,0.7972400000000002,0.5814544553710301,
16/255,30,0.01,123,chen2024_clip,0.098821875,0.41971383147853736,0.27,0.16521857678890228,0.09892615675926208,alex,1000,0.7249169945716858,0.11191636323928833,0.707129,0.8602491553874895,
16/255,30,0.01,123,chen2024_convnext,0.22726875000000002,0.06791569086651053,0.204,0.16564545035362244,0.09847420454025269,alex,1000,0.724129855632782,0.1113944798707962,0.90408825,0.7486210555219581,
16/255,30,0.01,123,corvi2023,0.12306250000000002,0.05330243337195829,0.183,0.15836268663406372,0.09722433984279633,alex,1000,0.7236765027046204,0.11391989886760712,0.968738875,0.8729662830966705,
16/255,30,0.01,123,koutlis2024,0.015190625000000004,0.06679764243614932,0.05,0.16817821562290192,0.09907738119363785,alex,1000,0.7218238711357117,0.11438851058483124,0.8316975,0.9817353965834934,
16/255,30,0.01,123,ojha2023,0.2346375,0.08380520951302378,0.191,0.1658080518245697,0.09895118325948715,alex,1000,0.7238708138465881,0.11158609390258789,0.9079066250000001,0.7415620796907391,
16/255,30,0.01,123,wang2020,0.1303,0.006825938566552902,0.127,0.1700383573770523,0.1003250777721405,alex,1000,0.7201135158538818,0.11100757867097855,0.9812132499999999,0.8672052176221632,
16/255,30,0.01,234,cavia2024,0.32059375,0.49878934624697335,0.379,0.16803409159183502,0.09878484904766083,alex,1000,0.7252474427223206,0.11148977279663086,0.7972400000000002,0.5978704656063419,
16/255,30,0.01,234,chen2024_clip,0.08905625,0.4082934609250399,0.258,0.16601312160491943,0.09899238497018814,alex,1000,0.7241543531417847,0.11168836057186127,0.707129,0.8740594007599746,
16/255,30,0.01,234,chen2024_convnext,0.21973125000000002,0.05673758865248226,0.202,0.16554906964302063,0.09824774414300919,alex,1000,0.7243298888206482,0.11159303039312363,0.90408825,0.7569581841153228,
16/255,30,0.01,234,corvi2023,0.125640625,0.0642939150401837,0.185,0.15850640833377838,0.09794224053621292,alex,1000,0.7235606908798218,0.11418529599905014,0.968738875,0.8703049622118241,
16/255,30,0.01,234,koutlis2024,0.013281250000000005,0.078125,0.056,0.1682656705379486,0.09910209476947784,alex,1000,0.7218250632286072,0.11439017206430435,0.8316975,0.9840311531536405,
16/255,30,0.01,234,ojha2023,0.24806250000000002,0.06682027649769584,0.19,0.16589555144309998,0.09894148260354996,alex,1000,0.7238231301307678,0.11144518107175827,0.9079066250000001,0.7267753167898736,
16/255,30,0.01,234,wang2020,0.11831250000000001,0.004509582863585118,0.117,0.17028525471687317,0.10086558759212494,alex,1000,0.7201151251792908,0.11121958494186401,0.9812132499999999,0.8794222356862792,
16/255,30,0.03,42,cavia2024,0.374625,0.6026986506746627,0.47,0.23773401975631714,0.12410624325275421,alex,1000,0.634998619556427,0.12103143334388733,0.7972400000000002,0.5300975866740255,
16/255,30,0.03,42,chen2024_clip,0.07140000000000002,0.3030821917808219,0.186,0.2353324443101883,0.12363041192293167,alex,1000,0.6343087553977966,0.12184351682662964,0.707129,0.8990283243934275,
16/255,30,0.03,42,chen2024_convnext,0.26230624999999996,0.050119331742243436,0.204,0.23563089966773987,0.1240554228425026,alex,1000,0.6341827511787415,0.12185262143611908,0.90408825,0.7098665423425202,
16/255,30,0.03,42,corvi2023,0.11790625000000002,0.044392523364485986,0.182,0.2269570380449295,0.12225394695997238,alex,1000,0.6381556987762451,0.1234774962067604,0.968738875,0.878288924866363,
16/255,30,0.03,42,koutlis2024,0.023962500000000008,0.06732673267326733,0.058,0.23721526563167572,0.1233312264084816,alex,1000,0.6339789032936096,0.12161235511302948,0.8316975,0.9711884429134391,
16/255,30,0.03,42,ojha2023,0.19936875,0.10434782608695652,0.176,0.2358361780643463,0.12433144450187683,alex,1000,0.6340425610542297,0.12184619158506393,0.9079066250000001,0.7804083101607503,
16/255,30,0.03,42,wang2020,0.22303125000000004,0.004790419161676647,0.169,0.23931993544101715,0.12594766914844513,alex,1000,0.6289638876914978,0.12179308384656906,0.9812132499999999,0.7726984934212823,
16/255,30,0.03,123,cavia2024,0.36220625000000006,0.5787878787878789,0.444,0.23770137131214142,0.1237514317035675,alex,1000,0.6350312829017639,0.12101300060749054,0.7972400000000002,0.5456747654407706,
16/255,30,0.03,123,chen2024_clip,0.05485,0.3018867924528302,0.186,0.23527668416500092,0.12357648462057114,alex,1000,0.6342921257019043,0.12191975861787796,0.707129,0.9224328234310855,
16/255,30,0.03,123,chen2024_convnext,0.25483125,0.05282112845138056,0.211,0.2353322058916092,0.12397883087396622,alex,1000,0.6341656446456909,0.12184765189886093,0.90408825,0.718134540516371,
16/255,30,0.03,123,corvi2023,0.1182875,0.04186046511627907,0.176,0.22681304812431335,0.1217978373169899,alex,1000,0.6381033658981323,0.12357678264379501,0.968738875,0.8778953719597554,
16/255,30,0.03,123,koutlis2024,0.023871875000000008,0.05794205794205794,0.057,0.23702991008758545,0.1231917217373848,alex,1000,0.6340529918670654,0.12159823626279831,0.8316975,0.9712974068095672,
16/255,30,0.03,123,ojha2023,0.23394375,0.11366120218579236,0.189,0.2361062616109848,0.12444565445184708,alex,1000,0.6341239213943481,0.12172642350196838,0.9079066250000001,0.7423262001199739,
16/255,30,0.03,123,wang2020,0.22186249999999996,0.009512485136741975,0.167,0.23928387463092804,0.1259007751941681,alex,1000,0.628964900970459,0.12184860557317734,0.9812132499999999,0.7738896208342071,
16/255,30,0.03,234,cavia2024,0.364175,0.5929270127915726,0.459,0.2380397617816925,0.12414918094873428,alex,1000,0.6350409388542175,0.12103968858718872,0.7972400000000002,0.5432053083136823,
16/255,30,0.03,234,chen2024_clip,0.060325000000000004,0.3033419023136247,0.187,0.235675647854805,0.12406057864427567,alex,1000,0.6342185735702515,0.1218695119023323,0.707129,0.9146902474654555,
16/255,30,0.03,234,chen2024_convnext,0.25521875,0.040865384615384616,0.202,0.23522897064685822,0.1234135851264,alex,1000,0.6341533064842224,0.12179500609636307,0.90408825,0.7177059319153855,
16/255,30,0.03,234,corvi2023,0.11603750000000002,0.046838407494145196,0.186,0.2268480509519577,0.12213315814733505,alex,1000,0.6381962895393372,0.12342141568660736,0.968738875,0.8802179792774394,
16/255,30,0.03,234,koutlis2024,0.02564687500000001,0.050100200400801605,0.052,0.2370867282152176,0.12308362871408463,alex,1000,0.6339695453643799,0.12163831293582916,0.8316975,0.969163217395748,
16/255,30,0.03,234,ojha2023,0.22492499999999999,0.13347685683530677,0.195,0.23576538264751434,0.12425210326910019,alex,1000,0.6340451836585999,0.12181668728590012,0.9079066250000001,0.7522597657000245,
16/255,30,0.03,234,wang2020,0.22381875,0.0048134777376654635,0.173,0.23924852907657623,0.12573711574077606,alex,1000,0.6290122270584106,0.1218084767460823,0.9812132499999999,0.7718959155922528,
16/255,30,0.05,42,cavia2024,0.3637625,0.609792284866469,0.474,0.2556400001049042,0.12914489209651947,alex,1000,0.6175077557563782,0.1253330409526825,0.7972400000000002,0.5437227183784056,
16/255,30,0.05,42,chen2024_clip,0.06526875000000001,0.3090128755364807,0.195,0.2521321177482605,0.12849663197994232,alex,1000,0.6159700751304626,0.12668870389461517,0.707129,0.9076989488480885,
16/255,30,0.05,42,chen2024_convnext,0.30453749999999996,0.10599078341013826,0.224,0.25229182839393616,0.12892484664916992,alex,1000,0.6157981157302856,0.1268673539161682,0.90408825,0.6631551178770436,
16/255,30,0.05,42,corvi2023,0.191475,0.055944055944055944,0.19,0.24591362476348877,0.12818197906017303,alex,1000,0.6179970502853394,0.12760215997695923,0.968738875,0.8023461172650886,
16/255,30,0.05,42,koutlis2024,0.07898750000000002,0.15845410628019324,0.129,0.2525296211242676,0.12844495475292206,alex,1000,0.6162382960319519,0.1265370398759842,0.8316975,0.90502857108504,
16/255,30,0.05,42,ojha2023,0.25105,0.20752797558494407,0.221,0.2522536814212799,0.1284668743610382,alex,1000,0.6158764362335205,0.12669791281223297,0.9079066250000001,0.7234847801666829,
16/255,30,0.05,42,wang2020,0.38772500000000004,0.007159904534606205,0.168,0.25377485156059265,0.1295853704214096,alex,1000,0.6109077334403992,0.12683217227458954,0.9812132499999999,0.6048514428438465,
16/255,30,0.05,123,cavia2024,0.36792500000000006,0.5937031484257871,0.458,0.25550177693367004,0.12887457013130188,alex,1000,0.6175388693809509,0.12526506185531616,0.7972400000000002,0.5385015804525614,
16/255,30,0.05,123,chen2024_clip,0.05933125000000001,0.3168654173764906,0.198,0.2521345317363739,0.1286408007144928,alex,1000,0.6159766912460327,0.1266891360282898,0.707129,0.9160955780345594,
16/255,30,0.05,123,chen2024_convnext,0.31655625,0.08755760368663595,0.208,0.25233593583106995,0.12907975912094116,alex,1000,0.6158464550971985,0.12675553560256958,0.90408825,0.6498613382045393,
16/255,30,0.05,123,corvi2023,0.19154375,0.05875440658049353,0.199,0.24589648842811584,0.12815089523792267,alex,1000,0.617996335029602,0.1276628077030182,0.968738875,0.8022751487081593,
16/255,30,0.05,123,koutlis2024,0.08455312500000002,0.15937803692905733,0.135,0.2526213824748993,0.12862235307693481,alex,1000,0.6162885427474976,0.12649936974048615,0.8316975,0.8983366849124832,
16/255,30,0.05,123,ojha2023,0.25523124999999997,0.19631901840490795,0.214,0.2526019215583801,0.12875968217849731,alex,1000,0.6158099174499512,0.12665441632270813,0.9079066250000001,0.7188794056877821,
16/255,30,0.05,123,wang2020,0.401190625,0.007194244604316545,0.172,0.2537810802459717,0.1295529007911682,alex,1000,0.6109204888343811,0.12683765590190887,0.9812132499999999,0.5911279989339727,
16/255,30,0.05,234,cavia2024,0.3607875,0.6041666666666666,0.468,0.25573742389678955,0.12918977439403534,alex,1000,0.6174802780151367,0.12536290287971497,0.7972400000000002,0.5474543424815616,
16/255,30,0.05,234,chen2024_clip,0.069525,0.31938514090520925,0.203,0.25207874178886414,0.12856876850128174,alex,1000,0.6158804297447205,0.12679938971996307,0.707129,0.9016798915049448,
16/255,30,0.05,234,chen2024_convnext,0.318190625,0.10526315789473685,0.218,0.25208523869514465,0.12914542853832245,alex,1000,0.6158424615859985,0.12676872313022614,0.90408825,0.6480535777342533,
16/255,30,0.05,234,corvi2023,0.1885,0.04946996466431096,0.193,0.24574585258960724,0.12810708582401276,alex,1000,0.6180003881454468,0.12768566608428955,0.968738875,0.8054171202740263,
16/255,30,0.05,234,koutlis2024,0.08102500000000001,0.15072463768115946,0.121,0.2527271509170532,0.12871426343917847,alex,1000,0.6163010597229004,0.12646372616291046,0.8316975,0.902578762110022,
16/255,30,0.05,234,ojha2023,0.25444374999999997,0.21181262729124237,0.226,0.2520759701728821,0.12818723917007446,alex,1000,0.6158457398414612,0.12668108940124512,0.9079066250000001,0.7197467856344809,
16/255,30,0.05,234,wang2020,0.41661562500000004,0.007125890736342041,0.164,0.2539408206939697,0.12982363998889923,alex,1000,0.6109732389450073,0.1267433613538742,0.9812132499999999,0.5754076649494898,
16/255,,,42,cavia2024,0.36601875,0.7436399217221135,0.607,0.1686602234840393,0.11053004115819931,alex,1000,0.6246870160102844,0.12929677963256836,0.7972400000000002,0.5408926421152979,
16/255,,,42,chen2024_clip,0.69459375,0.8564386937769564,0.767,0.1686602234840393,0.11053004115819931,alex,1000,0.6246870160102844,0.12929677963256836,0.707129,0.017726963538477417,
16/255,,,42,chen2024_convnext,0.89080625,0.8620218579234973,0.798,0.1686602234840393,0.11053004115819931,alex,1000,0.6246870160102844,0.12929677963256836,0.90408825,0.01469104371171732,
16/255,,,42,corvi2023,0.9393562499999999,0.8575478384124734,0.799,0.1686602234840393,0.11053004115819931,alex,1000,0.6246870160102844,0.12929677963256836,0.968738875,0.030330799927896057,
16/255,,,42,koutlis2024,0.686053125,0.8112712975098296,0.712,0.1686602234840393,0.11053004115819931,alex,1000,0.6246870160102844,0.12929677963256836,0.8316975,0.17511700468018715,
16/255,,,42,ojha2023,0.8644125,0.6929895245769541,0.619,0.1686602234840393,0.11053004115819931,alex,1000,0.6246870160102844,0.12929677963256836,0.9079066250000001,0.04790594517360202,
16/255,,,42,wang2020,0.9498187499999999,0.6435224386113463,0.579,0.1686602234840393,0.11053004115819931,alex,1000,0.6246870160102844,0.12929677963256836,0.9812132499999999,0.03199559321075209,
16/255,,,123,cavia2024,0.37305625000000003,0.7428198433420367,0.606,0.16869007050991058,0.11070781946182251,alex,1000,0.6247007250785828,0.1293218582868576,0.7972400000000002,0.5320653128292611,
16/255,,,123,chen2024_clip,0.689575,0.854320987654321,0.764,0.16869007050991058,0.11070781946182251,alex,1000,0.6247007250785828,0.1293218582868576,0.707129,0.024824324840304893,
16/255,,,123,chen2024_convnext,0.89396875,0.8596730245231607,0.794,0.16869007050991058,0.11070781946182251,alex,1000,0.6247007250785828,0.1293218582868576,0.90408825,0.011193044484318935,
16/255,,,123,corvi2023,0.93815,0.8480113636363636,0.786,0.16869007050991058,0.11070781946182251,alex,1000,0.6247007250785828,0.1293218582868576,0.968738875,0.031575975517654294,
16/255,,,123,koutlis2024,0.6883687500000001,0.8055372445616349,0.705,0.16869007050991058,0.11070781946182251,alex,1000,0.6247007250785828,0.1293218582868576,0.8316975,0.17233278926532772,
16/255,,,123,ojha2023,0.867025,0.6919967663702505,0.619,0.16869007050991058,0.11070781946182251,alex,1000,0.6247007250785828,0.1293218582868576,0.9079066250000001,0.04502844662026784,
16/255,,,123,wang2020,0.9474,0.6406117247238743,0.577,0.16869007050991058,0.11070781946182251,alex,1000,0.6247007250785828,0.1293218582868576,0.9812132499999999,0.03446065368562839,
16/255,,,234,cavia2024,0.37038125,0.735042735042735,0.597,0.16870200634002686,0.11039483547210693,alex,1000,0.6246901154518127,0.12930503487586975,0.7972400000000002,0.5354206387035273,
16/255,,,234,chen2024_clip,0.684375,0.850432632880099,0.758,0.16870200634002686,0.11039483547210693,alex,1000,0.6246901154518127,0.12930503487586975,0.707129,0.03217800429624588,
16/255,,,234,chen2024_convnext,0.896475,0.8626373626373627,0.8,0.16870200634002686,0.11039483547210693,alex,1000,0.6246901154518127,0.12930503487586975,0.90408825,0.008420914661815387,
16/255,,,234,corvi2023,0.9400937500000001,0.8457142857142858,0.784,0.16870200634002686,0.11039483547210693,alex,1000,0.6246901154518127,0.12930503487586975,0.968738875,0.029569500862655005,
16/255,,,234,koutlis2024,0.685378125,0.8052631578947368,0.704,0.16870200634002686,0.11039483547210693,alex,1000,0.6246901154518127,0.12930503487586975,0.8316975,0.17592859783755516,
16/255,,,234,ojha2023,0.8722937500000001,0.685064935064935,0.612,0.16870200634002686,0.11039483547210693,alex,1000,0.6246901154518127,0.12930503487586975,0.9079066250000001,0.039225261738782866,
16/255,,,234,wang2020,0.9485999999999999,0.6599664991624791,0.594,0.16870200634002686,0.11039483547210693,alex,1000,0.6246901154518127,0.12930503487586975,0.9812132499999999,0.03323767794615497,
32/255,10,0.01,42,cavia2024,0.36705625,0.4963144963144963,0.385,0.12869253754615784,0.08958114683628082,alex,1000,0.7556014657020569,0.14761607348918915,0.7972400000000002,0.5395912774070545,
32/255,10,0.01,42,chen2024_clip,0.036762500000000004,0.30323679727427594,0.182,0.126808762550354,0.08914971351623535,alex,1000,0.754861056804657,0.14725850522518158,0.707129,0.9480116075001873,
32/255,10,0.01,42,chen2024_convnext,0.36368749999999994,0.24166666666666667,0.272,0.12669014930725098,0.08920436352491379,alex,1000,0.7548438310623169,0.1472700983285904,0.90408825,0.5977300888491804,
32/255,10,0.01,42,corvi2023,0.29024375,0.18461538461538463,0.258,0.12276709824800491,0.08757755905389786,alex,1000,0.7552765607833862,0.1473882794380188,0.968738875,0.7003901077057529,
32/255,10,0.01,42,koutlis2024,0.0806,0.15723873441994246,0.121,0.12628166377544403,0.08876054733991623,alex,1000,0.7551148533821106,0.14753669500350952,0.8316975,0.9030897652091054,
32/255,10,0.01,42,ojha2023,0.22725,0.15614973262032084,0.211,0.12697581946849823,0.0891069695353508,alex,1000,0.7545664310455322,0.14719614386558533,0.9079066250000001,0.7496989296669138,
32/255,10,0.01,42,wang2020,0.2722125,0.09051724137931035,0.156,0.12779730558395386,0.0894717201590538,alex,1000,0.7526814937591553,0.1469254493713379,0.9812132499999999,0.7225755970987958,
32/255,10,0.01,123,cavia2024,0.36706249999999996,0.5101543460601138,0.397,0.128801628947258,0.0897473469376564,alex,1000,0.7555714249610901,0.14764006435871124,0.7972400000000002,0.5395834378606192,
32/255,10,0.01,123,chen2024_clip,0.030912500000000002,0.327455919395466,0.199,0.12656977772712708,0.08881041407585144,alex,1000,0.7548645734786987,0.14730167388916016,0.707129,0.9562844968881208,
32/255,10,0.01,123,chen2024_convnext,0.35528125,0.24455958549222798,0.271,0.12665608525276184,0.0891307145357132,alex,1000,0.7548476457595825,0.14726009964942932,0.90408825,0.6070281302737869,
32/255,10,0.01,123,corvi2023,0.291490625,0.19213973799126638,0.26,0.12270534783601761,0.08799705654382706,alex,1000,0.7553226351737976,0.14740528166294098,0.968738875,0.6991029961505364,
32/255,10,0.01,123,koutlis2024,0.07349687500000002,0.17958412098298673,0.132,0.1262243390083313,0.0887429416179657,alex,1000,0.7551009654998779,0.14752377569675446,0.8316975,0.9116302802401113,
32/255,10,0.01,123,ojha2023,0.24466875,0.15991471215351813,0.212,0.12699775397777557,0.08894933015108109,alex,1000,0.7546247839927673,0.14714501798152924,0.9079066250000001,0.7305133113220756,
32/255,10,0.01,123,wang2020,0.258025,0.09523809523809523,0.164,0.12782420217990875,0.08952897042036057,alex,1000,0.7526549696922302,0.14690321683883667,0.9812132499999999,0.7370347373519467,
32/255,10,0.01,234,cavia2024,0.36473124999999995,0.48885218827415355,0.381,0.12870235741138458,0.08971694111824036,alex,1000,0.7555667161941528,0.14763301610946655,0.7972400000000002,0.5425075886809494,
32/255,10,0.01,234,chen2024_clip,0.0336,0.30756159728122345,0.185,0.1267239898443222,0.08898105472326279,alex,1000,0.7549093961715698,0.14734800159931183,0.707129,0.952483917361613,
32/255,10,0.01,234,chen2024_convnext,0.3633125,0.23883696780893043,0.267,0.1266493797302246,0.0889337882399559,alex,1000,0.7548060417175293,0.14728385210037231,0.90408825,0.5981448713662633,
32/255,10,0.01,234,corvi2023,0.29015,0.1879781420765027,0.257,0.12282992154359818,0.08789736777544022,alex,1000,0.7552033066749573,0.1473887711763382,0.968738875,0.7004868830106565,
32/255,10,0.01,234,koutlis2024,0.07295937499999999,0.16777883698760726,0.127,0.12616194784641266,0.08872164040803909,alex,1000,0.755100429058075,0.14753638207912445,0.8316975,0.9122765488654229,
32/255,10,0.01,234,ojha2023,0.23926875,0.17112299465240643,0.225,0.12701374292373657,0.08902937173843384,alex,1000,0.7545508742332458,0.14718382060527802,0.9079066250000001,0.7364610595280103,
32/255,10,0.01,234,wang2020,0.24489999999999998,0.08779443254817985,0.148,0.12784221768379211,0.08963426202535629,alex,1000,0.7525942325592041,0.14691893756389618,0.9812132499999999,0.7504110345024386,
32/255,10,0.03,42,cavia2024,0.288175,0.41171403962101644,0.317,0.30800557136535645,0.14193961024284363,alex,1000,0.5603675246238708,0.1349520981311798,0.7972400000000002,0.6385341929657318,
32/255,10,0.03,42,chen2024_clip,0.0097375,0.1467038068709378,0.081,0.302998811006546,0.1413642019033432,alex,1000,0.5577149987220764,0.13488882780075073,0.707129,0.9862295281341877,
32/255,10,0.03,42,chen2024_convnext,0.17428750000000004,0.019417475728155338,0.192,0.303137868642807,0.14222915470600128,alex,1000,0.5577234625816345,0.13475923240184784,0.90408825,0.8072229121438089,
32/255,10,0.03,42,corvi2023,0.08137500000000002,0.018626309662398137,0.157,0.2909041941165924,0.1394699662923813,alex,1000,0.5571629405021667,0.13605527579784393,0.968738875,0.9159990353437607,
32/255,10,0.03,42,koutlis2024,0.027568750000000003,0.029197080291970805,0.069,0.30343154072761536,0.14181871712207794,alex,1000,0.557965874671936,0.13530823588371277,0.8316975,0.9668524313226864,
32/255,10,0.03,42,ojha2023,0.1474625,0.0738327904451683,0.147,0.3038080930709839,0.1422327607870102,alex,1000,0.5571308135986328,0.13446034491062164,0.9079066250000001,0.8375796629967316,
32/255,10,0.03,42,wang2020,0.05846875,0.004343105320304018,0.083,0.3061092495918274,0.1422925740480423,alex,1000,0.5524711012840271,0.13371193408966064,0.9812132499999999,0.940411781027213,
32/255,10,0.03,123,cavia2024,0.29078750000000003,0.409366869037294,0.319,0.30776238441467285,0.1419985145330429,alex,1000,0.5605649948120117,0.13506938517093658,0.7972400000000002,0.6352572625558177,
32/255,10,0.03,123,chen2024_clip,0.0102625,0.14856081708449398,0.083,0.3027631342411041,0.1411730796098709,alex,1000,0.5578327775001526,0.1348801851272583,0.707129,0.9854870893429629,
32/255,10,0.03,123,chen2024_convnext,0.18470624999999996,0.016726403823178016,0.177,0.30320364236831665,0.14209885895252228,alex,1000,0.557729184627533,0.13481175899505615,0.90408825,0.795698871210858,
32/255,10,0.03,123,koutlis2024,0.026834375,0.018769551616266946,0.059,0.30394330620765686,0.14207085967063904,alex,1000,0.5578175783157349,0.13517236709594727,0.8316975,0.9677354146188969,
32/255,10,0.03,123,ojha2023,0.13124375,0.09492988133764832,0.161,0.30365294218063354,0.1416352093219757,alex,1000,0.5570790767669678,0.13453376293182373,0.9079066250000001,0.8554435595180286,
32/255,10,0.03,123,wang2020,0.0637125,0.004385964912280702,0.092,0.3061327040195465,0.1425643116235733,alex,1000,0.5524868369102478,0.13380582630634308,0.9812132499999999,0.9350676318323259,
32/255,10,0.03,234,cavia2024,0.29092500000000004,0.4062229904926534,0.313,0.3077932298183441,0.14179974794387817,alex,1000,0.560472846031189,0.13501319289207458,0.7972400000000002,0.6350847925342431,
32/255,10,0.03,234,chen2024_clip,0.008362500000000002,0.1736745886654479,0.096,0.3033030927181244,0.14164747297763824,alex,1000,0.55767822265625,0.1348065733909607,0.707129,0.9881740106826336,
32/255,10,0.03,234,chen2024_convnext,0.18939375,0.02395209580838323,0.185,0.30301591753959656,0.14177778363227844,alex,1000,0.5577484965324402,0.13478872179985046,0.90408825,0.7905140897473227,
32/255,10,0.03,234,corvi2023,0.0829125,0.023094688221709004,0.154,0.291326642036438,0.14012962579727173,alex,1000,0.5570701956748962,0.1361343264579773,0.968738875,0.9144119203433433,
32/255,10,0.03,234,koutlis2024,0.024625,0.02688728024819028,0.059,0.30397212505340576,0.14249467849731445,alex,1000,0.5579959154129028,0.13523711264133453,0.8316975,0.9703918792589854,
32/255,10,0.03,234,ojha2023,0.130475,0.09197860962566845,0.151,0.30378666520118713,0.14183522760868073,alex,1000,0.5571923851966858,0.1344510167837143,0.9079066250000001,0.8562902875612346,
32/255,10,0.03,234,wang2020,0.05919375000000001,0.0021834061135371182,0.086,0.30599358677864075,0.1426045000553131,alex,1000,0.5524773597717285,0.13383254408836365,0.9812132499999999,0.939672899851281,
32/255,10,0.05,42,cavia2024,0.2827875,0.32228360957642727,0.264,0.41611355543136597,0.1656709909439087,alex,1000,0.45829248428344727,0.13556458055973053,0.7972400000000002,0.6452918819928756,
32/255,10,0.05,42,chen2024_clip,0.011868750000000003,0.09569377990430622,0.055,0.4103189706802368,0.16523127257823944,alex,1000,0.45674628019332886,0.13567198812961578,0.707129,0.9832155801840966,
32/255,10,0.05,42,chen2024_convnext,0.1861375,0.004860267314702309,0.181,0.4109008312225342,0.16625025868415833,alex,1000,0.45664799213409424,0.13570140302181244,0.90408825,0.7941157846039919,
32/255,10,0.05,42,corvi2023,0.0705375,0.018202502844141072,0.137,0.3983336091041565,0.16546036303043365,alex,1000,0.4567992091178894,0.13706858456134796,0.968738875,0.9271862605906055,
32/255,10,0.05,42,koutlis2024,0.026209375000000007,0.016563146997929608,0.05,0.41178083419799805,0.16622516512870789,alex,1000,0.4567956328392029,0.1357399970293045,0.8316975,0.968486889764608,
32/255,10,0.05,42,ojha2023,0.11196875,0.10256410256410256,0.125,0.4110468029975891,0.16604913771152496,alex,1000,0.45666101574897766,0.13556885719299316,0.9079066250000001,0.8766737163086568,
32/255,10,0.05,42,wang2020,0.038012500000000005,0.002178649237472767,0.084,0.4115888774394989,0.1652497500181198,alex,1000,0.45270469784736633,0.1348654180765152,0.9812132499999999,0.9612596955860513,
32/255,10,0.05,123,cavia2024,0.277775,0.3271719038817006,0.272,0.41666439175605774,0.1653757244348526,alex,1000,0.4582585394382477,0.13558430969715118,0.7972400000000002,0.6515791982339071,
32/255,10,0.05,123,chen2024_convnext,0.19926249999999995,0.007326007326007325,0.187,0.4102414548397064,0.16605865955352783,alex,1000,0.4568219780921936,0.13572323322296143,0.90408825,0.7795983965060934,
32/255,10,0.05,123,corvi2023,0.06972500000000001,0.016055045871559634,0.142,0.39783117175102234,0.16457568109035492,alex,1000,0.45675337314605713,0.1371675729751587,0.968738875,0.9280249798997692,
32/255,10,0.05,123,koutlis2024,0.029271875000000006,0.016546018614270942,0.049,0.4113444685935974,0.16564525663852692,alex,1000,0.4567725956439972,0.13573302328586578,0.8316975,0.9648046615506238,
32/255,10,0.05,123,ojha2023,0.10736875,0.10601427115188584,0.123,0.41076335310935974,0.16595177352428436,alex,1000,0.4565401077270508,0.13545364141464233,0.9079066250000001,0.8817403166322307,
32/255,10,0.05,123,wang2020,0.043075,0.0021857923497267764,0.087,0.4114413261413574,0.16507165133953094,alex,1000,0.4526836574077606,0.13493885099887848,0.9812132499999999,0.9561002666851472,
32/255,10,0.05,234,cavia2024,0.27161875,0.3210332103321033,0.264,0.41636013984680176,0.16562846302986145,alex,1000,0.458272248506546,0.1356152594089508,0.7972400000000002,0.6593011514725805,
32/255,10,0.05,234,chen2024_clip,0.011175000000000004,0.11026615969581748,0.064,0.4101426899433136,0.16551773250102997,alex,1000,0.4568175971508026,0.13568659126758575,0.707129,0.9841966600153578,
32/255,10,0.05,234,chen2024_convnext,0.18691875000000002,0.004878048780487805,0.184,0.40983060002326965,0.16538415849208832,alex,1000,0.45675531029701233,0.13563932478427887,0.90408825,0.7932516543600694,
32/255,10,0.05,234,corvi2023,0.0689125,0.020477815699658702,0.139,0.3977934718132019,0.16497960686683655,alex,1000,0.45693477988243103,0.1370670646429062,0.968738875,0.9288636992089329,
32/255,10,0.05,234,koutlis2024,0.023178125000000004,0.022703818369453045,0.053,0.41123536229133606,0.16566592454910278,alex,1000,0.45686882734298706,0.13576330244541168,0.8316975,0.9721315442213063,
32/255,10,0.05,234,ojha2023,0.10203125,0.1105424769703173,0.131,0.41135096549987793,0.16579140722751617,alex,1000,0.45658424496650696,0.13554151356220245,0.9079066250000001,0.887619225159856,
32/255,10,0.05,234,wang2020,0.038062500000000006,0.0,0.083,0.4114120304584503,0.16444432735443115,alex,1000,0.45270586013793945,0.13490977883338928,0.9812132499999999,0.9612087382635732,
32/255,20,0.01,42,cavia2024,0.31926875,0.43270868824531517,0.334,0.1742667853832245,0.10225840657949448,alex,1000,0.7065498232841492,0.13841690123081207,0.7972400000000002,0.5995324494506047,
32/255,20,0.01,42,chen2024_clip,0.042543750000000005,0.2510974539069359,0.147,0.17147165536880493,0.10139515995979309,alex,1000,0.7059725522994995,0.13770326972007751,0.707129,0.9398359422396763,
32/255,20,0.01,42,chen2024_convnext,0.24805625,0.08333333333333333,0.208,0.1714014708995819,0.10181383788585663,alex,1000,0.7057250738143921,0.13774153590202332,0.90408825,0.7256282779916673,
32/255,20,0.01,42,corvi2023,0.1343375,0.05767012687427912,0.183,0.1603911817073822,0.09935194253921509,alex,1000,0.7074976563453674,0.13853678107261658,0.968738875,0.8613274397602759,
32/255,20,0.01,42,koutlis2024,0.026531250000000006,0.0712871287128713,0.062,0.17239221930503845,0.10218256711959839,alex,1000,0.7054364681243896,0.13865721225738525,0.8316975,0.9680998800645667,
32/255,20,0.01,42,ojha2023,0.23867499999999997,0.055491329479768786,0.183,0.1724015176296234,0.10173439979553223,alex,1000,0.7050737142562866,0.1373884379863739,0.9079066250000001,0.73711503647195,
32/255,20,0.01,42,wang2020,0.08633125000000001,0.00903954802259887,0.123,0.17817659676074982,0.10346314311027527,alex,1000,0.7000685334205627,0.1365806758403778,0.9812132499999999,0.9120158130763114,
32/255,20,0.01,123,cavia2024,0.31675624999999996,0.44763513513513514,0.346,0.1743842512369156,0.10237681865692139,alex,1000,0.7065724730491638,0.13836145401000977,0.7972400000000002,0.6026839471175557,
32/255,20,0.01,123,chen2024_clip,0.03993125,0.2713043478260869,0.162,0.17162738740444183,0.10148307681083679,alex,1000,0.7056750655174255,0.13771182298660278,0.707129,0.9435304590817235,
32/255,20,0.01,123,chen2024_convnext,0.23246874999999997,0.07943925233644861,0.212,0.17152981460094452,0.1018858551979065,alex,1000,0.7056163549423218,0.1378411054611206,0.90408825,0.7428694046184098,
32/255,20,0.01,123,corvi2023,0.13566875,0.06199770378874857,0.183,0.1605226993560791,0.09947141259908676,alex,1000,0.7074916958808899,0.13883207738399506,0.968738875,0.8599532304306462,
32/255,20,0.01,123,koutlis2024,0.02424062500000001,0.07517309594460929,0.065,0.1724833846092224,0.1025095209479332,alex,1000,0.7053481936454773,0.1386565864086151,0.8316975,0.9708540364735977,
32/255,20,0.01,123,ojha2023,0.23430625,0.04935370152761456,0.191,0.17208260297775269,0.10124150663614273,alex,1000,0.7051551342010498,0.13729554414749146,0.9079066250000001,0.7419269299857791,
32/255,20,0.01,123,wang2020,0.08559374999999998,0.006756756756756755,0.118,0.17849309742450714,0.10366880148649216,alex,1000,0.6999518871307373,0.13657104969024658,0.9812132499999999,0.9127674335828628,
32/255,20,0.01,234,cavia2024,0.31785624999999995,0.43611584327086883,0.338,0.17418557405471802,0.10242766886949539,alex,1000,0.706517219543457,0.1383390575647354,0.7972400000000002,0.6013041869449602,
32/255,20,0.01,234,chen2024_clip,0.03530625,0.25087719298245614,0.146,0.1713794320821762,0.10130016505718231,alex,1000,0.7058770060539246,0.1376984417438507,0.707129,0.9500709912901324,
32/255,20,0.01,234,chen2024_convnext,0.24366875000000002,0.07906976744186048,0.208,0.17135782539844513,0.10169630497694016,alex,1000,0.7058098912239075,0.1378081738948822,0.90408825,0.7304812334415363,
32/255,20,0.01,234,corvi2023,0.13596250000000001,0.06451612903225806,0.188,0.16027416288852692,0.09921014308929443,alex,1000,0.7075417041778564,0.13859939575195312,0.968738875,0.8596500011419486,
32/255,20,0.01,234,koutlis2024,0.021306250000000006,0.06181455633100698,0.059,0.17226195335388184,0.10223853588104248,alex,1000,0.7054296135902405,0.13871844112873077,0.8316975,0.974382212282711,
32/255,20,0.01,234,ojha2023,0.23047499999999999,0.0774487471526196,0.19,0.17230841517448425,0.10151340067386627,alex,1000,0.7048903703689575,0.1375548243522644,0.9079066250000001,0.7461468022661472,
32/255,20,0.01,234,wang2020,0.08741874999999999,0.0044994375703037125,0.115,0.17832061648368835,0.10363312065601349,alex,1000,0.7000241875648499,0.1365595906972885,0.9812132499999999,0.9109074913124134,
32/255,20,0.03,42,cavia2024,0.27446875000000004,0.31608133086876156,0.26,0.3803768455982208,0.15522541105747223,alex,1000,0.4861994683742523,0.13175329566001892,0.7972400000000002,0.6557263182981286,
32/255,20,0.03,42,chen2024_clip,0.021568750000000005,0.1384471468662301,0.079,0.3761179745197296,0.15475992858409882,alex,1000,0.4859126806259155,0.13191068172454834,0.707129,0.9694981396605146,
32/255,20,0.03,42,chen2024_convnext,0.26773125,0.0049751243781094535,0.2,0.3763188421726227,0.15513549745082855,alex,1000,0.48547860980033875,0.13171328604221344,0.90408825,0.7038660219287222,
32/255,20,0.03,42,corvi2023,0.04260000000000001,0.009142857142857144,0.133,0.3625029921531677,0.15406188368797302,alex,1000,0.485572874546051,0.13434481620788574,0.968738875,0.9560253014518489,
32/255,20,0.03,42,koutlis2024,0.010612500000000002,0.010309278350515464,0.04,0.37982669472694397,0.15457256138324738,alex,1000,0.484292209148407,0.13219471275806427,0.8316975,0.9872399520258267,
32/255,20,0.03,42,ojha2023,0.15967499999999998,0.06465997770345595,0.161,0.3770098388195038,0.15576812624931335,alex,1000,0.485124796628952,0.1318501979112625,0.9079066250000001,0.8241283898550691,
32/255,20,0.03,42,wang2020,0.021987500000000004,0.0,0.117,0.3819003403186798,0.15540561079978943,alex,1000,0.4805719554424286,0.13056306540966034,0.9812132499999999,0.977591517440271,
32/255,20,0.03,123,cavia2024,0.28431875,0.3203703703703703,0.266,0.3803354799747467,0.15540435910224915,alex,1000,0.48636987805366516,0.1319083869457245,0.7972400000000002,0.6433711931162512,
32/255,20,0.03,123,chen2024_clip,0.02365625,0.1443298969072165,0.087,0.37658679485321045,0.15486684441566467,alex,1000,0.4854930341243744,0.13187217712402344,0.707129,0.966546061609692,
32/255,20,0.03,123,chen2024_convnext,0.22911874999999998,0.004968944099378882,0.199,0.3767434358596802,0.15539294481277466,alex,1000,0.4854194223880768,0.1320793181657791,0.90408825,0.7465747951043495,
32/255,20,0.03,123,corvi2023,0.045543750000000015,0.009111617312072894,0.13,0.36220481991767883,0.15445993840694427,alex,1000,0.48575520515441895,0.13446886837482452,0.968738875,0.952986556877879,
32/255,20,0.03,123,koutlis2024,0.010225000000000005,0.006224066390041493,0.042,0.37924543023109436,0.15421582758426666,alex,1000,0.48426440358161926,0.13219405710697174,0.8316975,0.9877058666161674,
32/255,20,0.03,123,ojha2023,0.170075,0.05882352941176471,0.168,0.37644293904304504,0.15486682951450348,alex,1000,0.4852449297904968,0.13169005513191223,0.9079066250000001,0.8126734673843801,
32/255,20,0.03,123,wang2020,0.021512500000000004,0.0,0.109,0.38200730085372925,0.15503741800785065,alex,1000,0.4804956316947937,0.1305147260427475,0.9812132499999999,0.9780756120038125,
32/255,20,0.03,234,cavia2024,0.27708125000000006,0.3219871205151794,0.263,0.38026389479637146,0.15507188439369202,alex,1000,0.4862733483314514,0.13180597126483917,0.7972400000000002,0.6524493878882144,
32/255,20,0.03,234,chen2024_clip,0.0312875,0.18114602587800369,0.114,0.37636739015579224,0.15491272509098053,alex,1000,0.4854816496372223,0.13167475163936615,0.707129,0.9557541834658174,
32/255,20,0.03,234,chen2024_convnext,0.2401625,0.002484472049689441,0.197,0.3765507638454437,0.15497303009033203,alex,1000,0.48528996109962463,0.13170309364795685,0.90408825,0.7343594499762606,
32/255,20,0.03,234,corvi2023,0.04270625000000001,0.006857142857142857,0.131,0.36269763112068176,0.15472537279129028,alex,1000,0.485703706741333,0.13479778170585632,0.968738875,0.9559156227729583,
32/255,20,0.03,234,koutlis2024,0.010400000000000005,0.008316008316008316,0.046,0.3798292279243469,0.15445037186145782,alex,1000,0.4842472970485687,0.1322193592786789,0.8316975,0.9874954535753685,
32/255,20,0.03,234,ojha2023,0.1622,0.05381165919282511,0.156,0.3767297863960266,0.1550172120332718,alex,1000,0.4852825999259949,0.13154448568820953,0.9079066250000001,0.8213472668513682,
32/255,20,0.03,234,wang2020,0.024031250000000004,0.0,0.11,0.3820342719554901,0.15556076169013977,alex,1000,0.48034197092056274,0.13082635402679443,0.9812132499999999,0.9755086368839802,
32/255,20,0.05,42,cavia2024,0.2849625,0.2543689320388349,0.232,0.4449595808982849,0.16846950352191925,alex,1000,0.4316933751106262,0.13338282704353333,0.7972400000000002,0.6425637198334254,
32/255,20,0.05,42,chen2024_clip,0.02948750000000001,0.10454985479186835,0.075,0.44149187207221985,0.1684112399816513,alex,1000,0.4313075840473175,0.13339506089687347,0.707129,0.9582996878928739,
32/255,20,0.05,42,chen2024_convnext,0.29046249999999996,0.002484472049689441,0.197,0.4416902959346771,0.16838936507701874,alex,1000,0.43120837211608887,0.13333357870578766,0.90408825,0.678723288351552,
32/255,20,0.05,42,corvi2023,0.05329375000000001,0.009111617312072894,0.13,0.42505383491516113,0.16803620755672455,alex,1000,0.4343147575855255,0.1355031281709671,0.968738875,0.9449864650058561,
32/255,20,0.05,42,koutlis2024,0.010415625000000005,0.01450777202072539,0.049,0.44414690136909485,0.16808569431304932,alex,1000,0.43085137009620667,0.13325390219688416,0.8316975,0.9874766666967256,
32/255,20,0.05,42,ojha2023,0.14486875,0.07311827956989249,0.138,0.442457377910614,0.16838042438030243,alex,1000,0.4311007559299469,0.13338246941566467,0.9079066250000001,0.840436509646573,
32/255,20,0.05,42,wang2020,0.030256250000000002,0.0,0.141,0.44672730565071106,0.16851305961608887,alex,1000,0.4261924624443054,0.13270613551139832,0.9812132499999999,0.969164450235461,
32/255,20,0.05,123,cavia2024,0.29803125,0.2612085769980507,0.242,0.4455963373184204,0.16813981533050537,alex,1000,0.4316157400608063,0.13326629996299744,0.7972400000000002,0.6261712282374191,
32/255,20,0.05,123,chen2024_clip,0.027350000000000006,0.10831721470019343,0.078,0.4418109059333801,0.16853804886341095,alex,1000,0.4312500059604645,0.1333104819059372,0.707129,0.9613224744000034,
32/255,20,0.05,123,chen2024_convnext,0.26941875,0.0024813895781637717,0.196,0.4419606029987335,0.16883666813373566,alex,1000,0.4312136173248291,0.13342991471290588,0.90408825,0.7019995006018493,
32/255,20,0.05,123,corvi2023,0.05310000000000001,0.009101251422070536,0.129,0.4257907271385193,0.16740143299102783,alex,1000,0.4344065189361572,0.13548582792282104,0.968738875,0.9451864673026568,
32/255,20,0.05,123,koutlis2024,0.012112500000000007,0.004132231404958678,0.036,0.4444514811038971,0.16798117756843567,alex,1000,0.43088260293006897,0.13322947919368744,0.8316975,0.9854364116761203,
32/255,20,0.05,123,ojha2023,0.17673125,0.06318082788671024,0.14,0.44240495562553406,0.16843916475772858,alex,1000,0.4311642348766327,0.13334736227989197,0.9079066250000001,0.8053420416444257,
32/255,20,0.05,123,wang2020,0.03249375,0.002320185614849188,0.14,0.4470372796058655,0.16860727965831757,alex,1000,0.4261694550514221,0.1325746327638626,0.9812132499999999,0.9668841100545676,
32/255,20,0.05,234,cavia2024,0.29011875,0.2563106796116505,0.234,0.44528111815452576,0.16837823390960693,alex,1000,0.4316488206386566,0.1332503706216812,0.7972400000000002,0.6360960940243843,
32/255,20,0.05,234,chen2024_clip,0.024750000000000008,0.1147227533460803,0.074,0.4419388771057129,0.1684432029724121,alex,1000,0.4313124120235443,0.1333952695131302,0.707129,0.9649993141279738,
32/255,20,0.05,234,chen2024_convnext,0.27459375,0.004962779156327543,0.198,0.4416434168815613,0.1684345006942749,alex,1000,0.43125492334365845,0.13338778913021088,0.90408825,0.6962755018661065,
32/255,20,0.05,234,corvi2023,0.055018750000000005,0.011325028312570781,0.127,0.425545334815979,0.16770774126052856,alex,1000,0.43443232774734497,0.13546539843082428,0.968738875,0.9432057993956318,
32/255,20,0.05,234,koutlis2024,0.006328125000000002,0.008255933952528379,0.039,0.444411039352417,0.168101966381073,alex,1000,0.4308294653892517,0.13327208161354065,0.8316975,0.9923913141496757,
32/255,20,0.05,234,ojha2023,0.15498125,0.079484425349087,0.143,0.44234317541122437,0.16867023706436157,alex,1000,0.4311922490596771,0.13338863849639893,0.9079066250000001,0.8292982496961073,
32/255,20,0.05,234,wang2020,0.03218125000000001,0.0,0.137,0.4471612274646759,0.16830487549304962,alex,1000,0.42612168192863464,0.13253067433834076,0.9812132499999999,0.9672025933200555,
32/255,30,0.01,42,cavia2024,0.30654375,0.40069686411149824,0.312,0.21059612929821014,0.11069275438785553,alex,1000,0.6659870743751526,0.1321251094341278,0.7972400000000002,0.6154937659926748,
32/255,30,0.01,42,chen2024_clip,0.062306249999999994,0.2945736434108527,0.181,0.2075648307800293,0.11082835495471954,alex,1000,0.6648529767990112,0.1317436397075653,0.707129,0.9118884248842856,
32/255,30,0.01,42,chen2024_convnext,0.19566874999999997,0.03592814371257485,0.195,0.2077934592962265,0.11053508520126343,alex,1000,0.6646769046783447,0.13173727691173553,0.90408825,0.783573395628137,
32/255,30,0.01,42,corvi2023,0.08779375,0.02784222737819025,0.162,0.19270969927310944,0.10892431437969208,alex,1000,0.6673333644866943,0.1340751349925995,0.968738875,0.9093731528013677,
32/255,30,0.01,42,koutlis2024,0.012525000000000005,0.02416918429003021,0.031,0.2108023762702942,0.11120101809501648,alex,1000,0.6632239818572998,0.1330072432756424,0.8316975,0.9849404380799509,
32/255,30,0.01,42,ojha2023,0.22325625,0.02619047619047619,0.182,0.20834335684776306,0.11026972532272339,alex,1000,0.6639677286148071,0.131463423371315,0.9079066250000001,0.7540977851108863,
32/255,30,0.01,42,wang2020,0.03393125000000001,0.0022296544035674474,0.105,0.21901346743106842,0.11371797323226929,alex,1000,0.6568783521652222,0.13026724755764008,0.9812132499999999,0.9654190870333234,
32/255,30,0.01,123,cavia2024,0.2941625,0.41069887834339946,0.317,0.21079938113689423,0.11109005659818649,alex,1000,0.6655843257904053,0.13258373737335205,0.7972400000000002,0.6310239074808088,
32/255,30,0.01,123,chen2024_clip,0.051037500000000006,0.3025641025641026,0.184,0.207700714468956,0.11078356951475143,alex,1000,0.6650224924087524,0.13172222673892975,0.707129,0.9278243432245037,
32/255,30,0.01,123,chen2024_convnext,0.19827499999999998,0.021712907117008445,0.189,0.20784087479114532,0.11083584278821945,alex,1000,0.6647039651870728,0.13193951547145844,0.90408825,0.7806906571344114,
32/255,30,0.01,123,corvi2023,0.0869125,0.03690888119953864,0.165,0.19290673732757568,0.10924742370843887,alex,1000,0.6669394969940186,0.13372394442558289,0.968738875,0.9102828406674605,
32/255,30,0.01,123,koutlis2024,0.008881250000000002,0.030241935483870965,0.038,0.21102052927017212,0.11154667288064957,alex,1000,0.6631677746772766,0.13296785950660706,0.8316975,0.9893215381794463,
32/255,30,0.01,123,ojha2023,0.20075624999999997,0.046620046620046623,0.182,0.2085694521665573,0.11073051393032074,alex,1000,0.6640216112136841,0.13158439099788666,0.9079066250000001,0.778880069302281,
32/255,30,0.01,123,wang2020,0.0394,0.002239641657334827,0.109,0.21851332485675812,0.1137181743979454,alex,1000,0.6574435830116272,0.1299881935119629,0.9812132499999999,0.959845629887285,
32/255,30,0.01,234,cavia2024,0.3033187500000001,0.41278065630397237,0.32,0.21073180437088013,0.11123984307050705,alex,1000,0.6656897068023682,0.13247142732143402,0.7972400000000002,0.6195389719532387,
32/255,30,0.01,234,chen2024_clip,0.052693750000000004,0.29888983774551664,0.179,0.20750567317008972,0.11023574322462082,alex,1000,0.665054202079773,0.1318366825580597,0.707129,0.9254821256093302,
32/255,30,0.01,234,chen2024_convnext,0.2053625,0.026537997587454766,0.193,0.20794934034347534,0.11027177423238754,alex,1000,0.6648834943771362,0.13176172971725464,0.90408825,0.7728512675615461,
32/255,30,0.01,234,corvi2023,0.08916875,0.03033838973162194,0.169,0.19272583723068237,0.10860416293144226,alex,1000,0.6671522855758667,0.13384494185447693,0.968738875,0.907953781662783,
32/255,30,0.01,234,koutlis2024,0.008518750000000002,0.030090270812437314,0.033,0.2108149528503418,0.11138135939836502,alex,1000,0.6632280349731445,0.13299478590488434,0.8316975,0.9897573937639587,
32/255,30,0.01,234,ojha2023,0.21906874999999998,0.046620046620046623,0.182,0.20845864713191986,0.11024300009012222,alex,1000,0.6638950705528259,0.13135205209255219,0.9079066250000001,0.7587100435576182,
32/255,30,0.01,234,wang2020,0.03173125,0.0022222222222222222,0.102,0.21873202919960022,0.11361702531576157,alex,1000,0.6571683287620544,0.1302967518568039,0.9812132499999999,0.9676612092223581,
32/255,30,0.03,42,cavia2024,0.2567625,0.25862068965517243,0.226,0.4065740704536438,0.15897518396377563,alex,1000,0.45920705795288086,0.1311817318201065,0.7972400000000002,0.6779357533490543,
32/255,30,0.03,42,chen2024_clip,0.05275000000000001,0.24355555555555558,0.149,0.4035503566265106,0.1590985208749771,alex,1000,0.45905542373657227,0.1315654218196869,0.707129,0.9254025785959846,
32/255,30,0.03,42,chen2024_convnext,0.29574375,0.0024906600249066002,0.199,0.40369799733161926,0.1591021865606308,alex,1000,0.45873555541038513,0.1313580721616745,0.90408825,0.6728817679026357,
32/255,30,0.03,42,corvi2023,0.04811875000000001,0.008998875140607425,0.119,0.3905852437019348,0.15980735421180725,alex,1000,0.45997098088264465,0.13462597131729126,0.968738875,0.9503284618365295,
32/255,30,0.03,42,koutlis2024,0.007393750000000004,0.006179196704428424,0.035,0.4086059629917145,0.15858669579029083,alex,1000,0.4565260410308838,0.13140244781970978,0.8316975,0.9911100490262386,
32/255,30,0.03,42,ojha2023,0.21393125000000002,0.08685968819599109,0.18,0.4038669466972351,0.15890370309352875,alex,1000,0.4588508605957031,0.13136664032936096,0.9079066250000001,0.7643686651146532,
32/255,30,0.03,42,wang2020,0.013475000000000003,0.0,0.106,0.40993618965148926,0.16023726761341095,alex,1000,0.45454421639442444,0.13058793544769287,0.9812132499999999,0.9862670015921615,
32/255,30,0.03,123,cavia2024,0.26284375,0.2637151106833494,0.235,0.40680497884750366,0.15882834792137146,alex,1000,0.4591442048549652,0.13126303255558014,0.7972400000000002,0.6703078746676032,
32/255,30,0.03,123,chen2024_clip,0.044,0.1916058394160584,0.114,0.4040564000606537,0.15894506871700287,alex,1000,0.45873942971229553,0.13163313269615173,0.707129,0.9377765584497312,
32/255,30,0.03,123,chen2024_convnext,0.2659625,0.004962779156327543,0.198,0.4037730097770691,0.15880848467350006,alex,1000,0.4586423337459564,0.13131503760814667,0.90408825,0.7058224128009628,
32/255,30,0.03,123,corvi2023,0.043468750000000014,0.009009009009009009,0.12,0.3902253210544586,0.15902996063232422,alex,1000,0.46014606952667236,0.13464276492595673,0.968738875,0.9551285169597431,
32/255,30,0.03,123,koutlis2024,0.004687500000000002,0.002061855670103093,0.032,0.40906822681427,0.15835928916931152,alex,1000,0.4564739465713501,0.1314564198255539,0.8316975,0.9943639364071674,
32/255,30,0.03,123,ojha2023,0.20241249999999997,0.09868421052631579,0.178,0.40376290678977966,0.15943561494350433,alex,1000,0.45884618163108826,0.1316584199666977,0.9079066250000001,0.7770558178270811,
32/255,30,0.03,123,wang2020,0.018975000000000002,0.0,0.094,0.4100382924079895,0.1594754457473755,alex,1000,0.454377144575119,0.1304573118686676,0.9812132499999999,0.9806616961195744,
32/255,30,0.03,234,cavia2024,0.2728625,0.2581888246628131,0.23,0.40712735056877136,0.15887291729450226,alex,1000,0.45861977338790894,0.13125918805599213,0.7972400000000002,0.6577410817319754,
32/255,30,0.03,234,chen2024_clip,0.04886875,0.2119565217391304,0.13,0.4037448763847351,0.15951742231845856,alex,1000,0.4591260552406311,0.13149528205394745,0.707129,0.930891322516825,
32/255,30,0.03,234,chen2024_convnext,0.27958125,0.004956629491945477,0.197,0.4031723141670227,0.15911297500133514,alex,1000,0.4590279161930084,0.13142424821853638,0.90408825,0.690758894388905,
32/255,30,0.03,234,corvi2023,0.04326875000000001,0.008998875140607425,0.119,0.39063385128974915,0.16030482947826385,alex,1000,0.4598894715309143,0.13467243313789368,0.968738875,0.9553349709435374,
32/255,30,0.03,234,koutlis2024,0.008640625000000006,0.00823045267489712,0.036,0.40909332036972046,0.1586690992116928,alex,1000,0.4565061628818512,0.13150835037231445,0.8316975,0.989610856110545,
32/255,30,0.03,234,ojha2023,0.21520625,0.09343715239154617,0.185,0.4031512439250946,0.15991760790348053,alex,1000,0.4591817855834961,0.13139517605304718,0.9079066250000001,0.7629643356771407,
32/255,30,0.03,234,wang2020,0.012706250000000006,0.0,0.102,0.41013264656066895,0.16025955975055695,alex,1000,0.45447811484336853,0.13080653548240662,0.9812132499999999,0.9870504704252617,
32/255,30,0.05,42,cavia2024,0.29921875,0.2706913339824732,0.251,0.4507211446762085,0.16786126792430878,alex,1000,0.4258405268192291,0.13264532387256622,0.7972400000000002,0.624681714414731,
32/255,30,0.05,42,chen2024_clip,0.044312500000000005,0.13371537726838584,0.093,0.4482465982437134,0.16834872961044312,alex,1000,0.42563915252685547,0.1326269656419754,0.707129,0.9373346305978117,
32/255,30,0.05,42,chen2024_convnext,0.3023874999999999,0.0049813200498132005,0.201,0.44770383834838867,0.16814352571964264,alex,1000,0.42559096217155457,0.13268010318279266,0.90408825,0.6655332043083184,
32/255,30,0.05,42,koutlis2024,0.008568750000000005,0.006179196704428424,0.035,0.45117872953414917,0.16774185001850128,alex,1000,0.4247148931026459,0.13247808814048767,0.8316975,0.9896972757523017,
32/255,30,0.05,42,ojha2023,0.14420625,0.09178228388473851,0.149,0.4484117031097412,0.16838395595550537,alex,1000,0.42552703619003296,0.13278888165950775,0.9079066250000001,0.841166210236653,
32/255,30,0.05,42,wang2020,0.034125,0.0,0.146,0.454698771238327,0.16898545622825623,alex,1000,0.42018255591392517,0.1319546401500702,0.9812132499999999,0.9652216274087209,
32/255,30,0.05,123,cavia2024,0.29824375,0.24165029469548135,0.228,0.4508685767650604,0.16783356666564941,alex,1000,0.42571407556533813,0.1325264424085617,0.7972400000000002,0.6259046836586224,
32/255,30,0.05,123,chen2024_clip,0.036631250000000004,0.14177693761814744,0.092,0.4481867551803589,0.1678985059261322,alex,1000,0.4255869686603546,0.13262903690338135,0.707129,0.9481972171979935,
32/255,30,0.05,123,chen2024_convnext,0.33105624999999994,0.0024813895781637717,0.196,0.44773396849632263,0.16809043288230896,alex,1000,0.4255804419517517,0.1327209621667862,0.90408825,0.633823080877337,
32/255,30,0.05,123,corvi2023,0.05714375000000001,0.011350737797956867,0.129,0.4316999018192291,0.16763152182102203,alex,1000,0.42947468161582947,0.13497090339660645,0.968738875,0.9410122258178191,
32/255,30,0.05,123,koutlis2024,0.008496875000000004,0.008281573498964804,0.042,0.45082780718803406,0.16752342879772186,alex,1000,0.42472410202026367,0.13242585957050323,0.8316975,0.9897836953940586,
32/255,30,0.05,123,ojha2023,0.1983125,0.10718113612004287,0.167,0.4480797052383423,0.16835595667362213,alex,1000,0.4255937933921814,0.13285428285598755,0.9079066250000001,0.7815717007241797,
32/255,30,0.05,234,cavia2024,0.29341249999999997,0.24999999999999997,0.238,0.45069029927253723,0.1682336926460266,alex,1000,0.4257802367210388,0.13256563246250153,0.7972400000000002,0.6319646530530331,
32/255,30,0.05,234,chen2024_clip,0.04601875000000001,0.15660377358490563,0.106,0.44795748591423035,0.16793757677078247,alex,1000,0.4256437420845032,0.1327509731054306,0.707129,0.9349217045263312,
32/255,30,0.05,234,chen2024_convnext,0.334225,0.004987531172069826,0.202,0.4477808475494385,0.16792069375514984,alex,1000,0.42546120285987854,0.13268640637397766,0.90408825,0.6303181686079872,
32/255,30,0.05,234,koutlis2024,0.005406250000000003,0.012195121951219511,0.028,0.45121464133262634,0.1674230545759201,alex,1000,0.4246801733970642,0.13243988156318665,0.8316975,0.9934997399895995,
32/255,30,0.05,234,ojha2023,0.16960625000000001,0.08269858541893363,0.157,0.4482799470424652,0.16841541230678558,alex,1000,0.4255504012107849,0.13267357647418976,0.9079066250000001,0.8131897649717008,
32/255,30,0.05,234,wang2020,0.03263125000000001,0.0,0.146,0.4549242854118347,0.16892455518245697,alex,1000,0.4201095402240753,0.13197852671146393,0.9812132499999999,0.966743977417753,
32/255,,,42,cavia2024,0.26864374999999996,0.4534883720930233,0.342,0.36785706877708435,0.16963855922222137,alex,1000,0.4105972647666931,0.13817660510540009,0.7972400000000002,0.6630327755757364,
32/255,,,42,chen2024_clip,0.68781875,0.8170652876535229,0.717,0.36785706877708435,0.16963855922222137,alex,1000,0.4105972647666931,0.13817660510540009,0.707129,0.02730795936809263,
32/255,,,42,chen2024_convnext,0.8573125,0.7696924231057763,0.693,0.36785706877708435,0.16963855922222137,alex,1000,0.4105972647666931,0.13817660510540009,0.90408825,0.05173803552916433,
32/255,,,42,corvi2023,0.93219375,0.9162881245944191,0.871,0.36785706877708435,0.16963855922222137,alex,1000,0.4105972647666931,0.13817660510540009,0.968738875,0.03772443322252341,
32/255,,,42,koutlis2024,0.6514375,0.7190684133915576,0.614,0.36785706877708435,0.16963855922222137,alex,1000,0.4105972647666931,0.13817660510540009,0.8316975,0.21673745562539262,
32/255,,,42,ojha2023,0.8505375,0.6600985221674877,0.586,0.36785706877708435,0.16963855922222137,alex,1000,0.4105972647666931,0.13817660510540009,0.9079066250000001,0.0631883537582955,
32/255,,,42,wang2020,0.9251187499999999,0.4786324786324787,0.451,0.36785706877708435,0.16963855922222137,alex,1000,0.4105972647666931,0.13817660510540009,0.9812132499999999,0.05716851051491615,
32/255,,,123,cavia2024,0.27371249999999997,0.4675963904840033,0.351,0.36762404441833496,0.16995175182819366,alex,1000,0.41060569882392883,0.1381983757019043,0.7972400000000002,0.6566749034167879,
32/255,,,123,chen2024_clip,0.6771562499999999,0.8221649484536083,0.724,0.36762404441833496,0.16995175182819366,alex,1000,0.41060569882392883,0.1381983757019043,0.707129,0.04238653767558692,
32/255,,,123,chen2024_convnext,0.8668,0.7755406413124534,0.699,0.36762404441833496,0.16995175182819366,alex,1000,0.41060569882392883,0.1381983757019043,0.90408825,0.041244037846969055,
32/255,,,123,corvi2023,0.91943125,0.9142125480153649,0.866,0.36762404441833496,0.16995175182819366,alex,1000,0.41060569882392883,0.1381983757019043,0.968738875,0.05089877806338676,
32/255,,,123,koutlis2024,0.6693812499999999,0.701780415430267,0.598,0.36762404441833496,0.16995175182819366,alex,1000,0.41060569882392883,0.1381983757019043,0.8316975,0.19516260419202902,
32/255,,,123,ojha2023,0.85393125,0.6639209225700164,0.592,0.36762404441833496,0.16995175182819366,alex,1000,0.41060569882392883,0.1381983757019043,0.9079066250000001,0.05945035922609337,
32/255,,,123,wang2020,0.9253375,0.46698564593301434,0.443,0.36762404441833496,0.16995175182819366,alex,1000,0.41060569882392883,0.1381983757019043,0.9812132499999999,0.05694557222907446,
32/255,,,234,cavia2024,0.2784125,0.47010647010647016,0.353,0.3678304851055145,0.1695818454027176,alex,1000,0.41059789061546326,0.1381777673959732,0.7972400000000002,0.6507795644975166,
32/255,,,234,chen2024_clip,0.6788937499999999,0.8193548387096774,0.72,0.3678304851055145,0.1695818454027176,alex,1000,0.41059789061546326,0.1381777673959732,0.707129,0.03992941881891445,
32/255,,,234,chen2024_convnext,0.8662000000000001,0.7667924528301887,0.691,0.3678304851055145,0.1695818454027176,alex,1000,0.41059789061546326,0.1381777673959732,0.90408825,0.04190768987430149,
32/255,,,234,corvi2023,0.9260625,0.9156471345782359,0.869,0.3678304851055145,0.1695818454027176,alex,1000,0.41059789061546326,0.1381777673959732,0.968738875,0.04405353816321244,
32/255,,,234,koutlis2024,0.65155,0.7020648967551623,0.596,0.3678304851055145,0.1695818454027176,alex,1000,0.41059789061546326,0.1381777673959732,0.8316975,0.21660219009916468,
32/255,,,234,ojha2023,0.8499937500000001,0.6677577741407529,0.594,0.3678304851055145,0.1695818454027176,alex,1000,0.41059789061546326,0.1381777673959732,0.9079066250000001,0.06378725895958735,
32/255,,,234,wang2020,0.9242875,0.48438978240302744,0.455,0.3678304851055145,0.1695818454027176,alex,1000,0.41059789061546326,0.1381777673959732,0.9812132499999999,0.05801567600111381,
